Date,Open,High,Low,Close,Adj Close,Volume
2012-03-14,2.84,2.84,2.84,2.84,2.03,686.0
2012-03-15,2.84,2.84,2.84,2.84,2.03,
2012-03-16,2.84,2.84,2.84,2.84,2.03,5371.0
2012-03-19,2.84,2.84,2.84,2.84,2.03,
2012-03-20,2.84,2.84,2.84,2.84,2.03,
2012-03-21,2.84,2.84,2.84,2.84,2.03,
2012-03-22,2.84,2.84,2.84,2.84,2.03,
2012-03-23,2.84,2.84,2.84,2.84,2.03,
2012-03-26,2.84,2.84,2.84,2.84,2.03,
2012-03-27,2.84,2.84,2.84,2.84,2.03,
2012-03-28,2.84,2.84,2.84,2.84,2.03,
2012-03-29,2.84,2.84,2.84,2.84,2.03,15086.0
2012-03-30,2.84,2.84,2.84,2.84,2.03,
2012-04-02,2.84,2.84,2.84,2.84,2.03,
2012-04-03,2.84,2.84,2.84,2.84,2.03,
2012-04-04,2.84,2.84,2.84,2.84,2.03,
2012-04-05,2.84,2.84,2.84,2.84,2.03,
2012-04-09,2.84,2.84,2.84,2.84,2.03,
2012-04-10,2.84,2.84,2.84,2.84,2.03,
2012-04-11,2.84,2.84,2.84,2.84,2.03,
2012-04-12,2.84,2.84,2.84,2.84,2.03,
2012-04-13,2.84,2.84,2.84,2.84,2.03,
2012-04-16,2.84,2.84,2.84,2.84,2.03,
2012-04-17,2.84,2.84,2.84,2.84,2.03,
2012-04-18,2.84,2.84,2.84,2.84,2.03,
2012-04-19,2.84,2.84,2.84,2.84,2.03,
2012-04-20,2.84,2.84,2.84,2.84,2.03,
2012-04-23,2.84,2.84,2.84,2.84,2.03,
2012-04-24,2.84,2.84,2.84,2.84,2.03,
2012-04-25,2.84,2.84,2.84,2.84,2.03,
2012-04-26,2.84,2.84,2.84,2.84,2.03,
2012-04-27,2.84,2.84,2.84,2.84,2.03,
2012-04-30,2.84,2.84,2.84,2.84,2.03,
2012-05-02,2.84,2.84,2.84,2.84,2.03,
2012-05-03,2.84,2.84,2.84,2.84,2.03,
2012-05-04,2.84,2.84,2.84,2.84,2.03,
2012-05-07,2.84,2.84,2.84,2.84,2.03,
2012-05-08,2.84,2.84,2.84,2.84,2.03,
2012-05-09,2.84,2.84,2.84,2.84,2.03,
2012-05-10,2.84,2.84,2.84,2.84,2.03,
2012-05-11,2.84,2.84,2.84,2.84,2.03,
2012-05-14,2.84,2.84,2.84,2.84,2.03,
2012-05-15,2.84,2.84,2.84,2.84,2.03,
2012-05-16,2.84,2.84,2.84,2.84,2.03,
2012-05-17,2.84,2.84,2.84,2.84,2.03,
2012-05-18,2.84,2.84,2.84,2.84,2.03,
2012-05-21,2.84,2.84,2.84,2.84,2.03,
2012-05-22,2.84,2.84,2.84,2.84,2.03,
2012-05-23,2.84,2.84,2.84,2.84,2.03,
2012-05-24,2.84,2.84,2.84,2.84,2.03,
2012-05-25,2.84,2.84,2.84,2.84,2.03,
2012-05-28,2.84,2.84,2.84,2.84,2.03,
2012-05-29,2.84,2.84,2.84,2.84,2.03,
2012-05-30,2.84,2.84,2.84,2.84,2.03,
2012-05-31,2.84,2.84,2.84,2.84,2.03,
2012-06-01,2.01,2.02,2.01,2.02,1.45,229.0
2012-06-04,2.02,2.02,2.02,2.02,1.45,
2012-06-05,2.02,2.02,2.02,2.02,1.45,
2012-06-06,2.02,2.02,2.02,2.02,1.45,
2012-06-08,1.92,1.92,1.92,1.92,1.38,4571.0
2012-06-11,1.92,1.92,1.92,1.92,1.38,
2012-06-12,1.92,1.92,1.92,1.92,1.38,
2012-06-13,1.92,1.92,1.92,1.92,1.38,
2012-06-14,1.92,1.92,1.92,1.92,1.38,
2012-06-15,1.92,1.92,1.92,1.92,1.38,
2012-06-18,1.92,1.92,1.92,1.92,1.38,
2012-06-19,1.92,1.92,1.92,1.92,1.38,
2012-06-20,1.92,1.92,1.92,1.92,1.38,
2012-06-21,1.92,1.92,1.92,1.92,1.38,2514.0
2012-06-22,1.92,1.92,1.92,1.92,1.38,229.0
2012-06-25,1.92,1.92,1.92,1.92,1.38,4000.0
2012-06-26,1.92,1.92,1.92,1.92,1.38,114.0
2012-06-27,1.92,1.92,1.92,1.92,1.38,
2012-06-28,1.92,1.92,1.92,1.92,1.38,
2012-06-29,1.92,1.92,1.92,1.92,1.38,
2012-07-02,1.92,1.92,1.92,1.92,1.38,
2012-07-03,1.92,1.92,1.92,1.92,1.38,
2012-07-04,1.92,1.92,1.92,1.92,1.38,4229.0
2012-07-05,1.92,1.92,1.92,1.92,1.38,
2012-07-06,1.92,1.92,1.92,1.92,1.38,
2012-07-10,1.92,1.92,1.92,1.92,1.38,
2012-07-11,1.92,1.92,1.92,1.92,1.38,
2012-07-12,1.75,1.92,1.75,1.92,1.38,3200.0
2012-07-13,1.92,1.92,1.92,1.92,1.38,
2012-07-16,1.92,1.92,1.92,1.92,1.38,
2012-07-17,1.92,1.92,1.92,1.92,1.38,
2012-07-18,1.92,1.92,1.92,1.92,1.38,
2012-07-19,1.92,1.92,1.92,1.92,1.38,
2012-07-20,1.92,1.92,1.92,1.92,1.38,
2012-07-23,1.92,1.92,1.92,1.92,1.38,
2012-07-24,1.92,1.92,1.92,1.92,1.38,
2012-07-25,1.92,1.92,1.92,1.92,1.38,
2012-07-26,1.92,1.92,1.92,1.92,1.38,
2012-07-27,1.92,1.92,1.92,1.92,1.38,
2012-07-30,1.92,1.92,1.92,1.92,1.38,
2012-07-31,1.75,1.75,1.75,1.75,1.25,359.0
2012-08-01,1.75,1.75,1.75,1.75,1.25,
2012-08-02,1.75,1.75,1.75,1.75,1.25,
2012-08-03,1.75,1.75,1.75,1.75,1.25,
2012-08-06,1.75,1.75,1.75,1.75,1.25,
2012-08-07,1.75,1.75,1.75,1.75,1.25,
2012-08-08,1.75,1.75,1.75,1.75,1.25,
2012-08-09,1.75,1.75,1.75,1.75,1.25,
2012-08-10,1.75,1.75,1.75,1.75,1.25,
2012-08-13,1.75,1.75,1.75,1.75,1.25,
2012-08-14,1.76,1.92,1.76,1.92,1.38,33.0
2012-08-15,1.92,1.92,1.92,1.92,1.38,
2012-08-16,1.92,1.92,1.92,1.92,1.38,
2012-08-17,1.92,1.92,1.92,1.92,1.38,
2012-08-20,1.92,1.92,1.92,1.92,1.38,
2012-08-21,1.92,1.92,1.92,1.92,1.38,
2012-08-22,1.92,1.92,1.92,1.92,1.38,
2012-08-23,1.92,1.92,1.92,1.92,1.38,
2012-08-24,1.92,1.92,1.92,1.92,1.38,
2012-08-27,1.92,1.92,1.92,1.92,1.38,
2012-08-28,1.92,1.92,1.92,1.92,1.38,
2012-08-29,1.92,1.92,1.92,1.92,1.38,
2012-08-30,1.92,1.92,1.92,1.92,1.38,
2012-08-31,1.92,1.92,1.92,1.92,1.38,
2012-09-03,1.92,1.92,1.92,1.92,1.38,
2012-09-04,1.92,1.92,1.92,1.92,1.38,
2012-09-05,1.92,1.92,1.92,1.92,1.38,
2012-09-06,1.92,1.92,1.92,1.92,1.38,
2012-09-10,1.92,1.92,1.92,1.92,1.38,
2012-09-11,1.92,1.92,1.92,1.92,1.38,
2012-09-12,1.92,1.92,1.92,1.92,1.38,
2012-09-13,1.92,1.92,1.92,1.92,1.38,
2012-09-14,1.92,1.92,1.92,1.92,1.38,
2012-09-17,1.92,1.92,1.92,1.92,1.38,
2012-09-18,1.92,1.92,1.92,1.92,1.38,
2012-09-19,1.92,1.92,1.92,1.92,1.38,
2012-09-20,1.92,1.92,1.92,1.92,1.38,
2012-09-21,1.92,1.92,1.92,1.92,1.38,
2012-09-24,1.92,1.92,1.92,1.92,1.38,
2012-09-25,1.92,1.92,1.92,1.92,1.38,
2012-09-26,1.92,1.92,1.92,1.92,1.38,
2012-09-27,1.92,1.92,1.92,1.92,1.38,
2012-09-28,1.92,1.92,1.92,1.92,1.38,
2012-10-01,1.92,1.92,1.92,1.92,1.38,
2012-10-02,1.92,1.92,1.92,1.92,1.38,
2012-10-03,1.92,1.92,1.92,1.92,1.38,
2012-10-04,1.92,1.92,1.92,1.92,1.38,
2012-10-05,1.92,1.92,1.92,1.92,1.38,
2012-10-08,1.92,1.92,1.92,1.92,1.38,
2012-10-09,1.92,1.92,1.92,1.92,1.38,
2012-10-10,1.92,1.92,1.92,1.92,1.38,
2012-10-11,1.92,1.92,1.92,1.92,1.38,
2012-10-15,2.07,2.19,2.07,2.19,1.56,343.0
2012-10-16,2.19,2.19,2.19,2.19,1.56,
2012-10-17,2.87,2.87,2.87,2.87,2.05,16.0
2012-10-18,1.92,1.92,1.92,1.92,1.38,
2012-10-19,1.92,1.92,1.92,1.92,1.38,
2012-10-22,1.92,1.92,1.92,1.92,1.38,
2012-10-23,3.25,3.5,3.25,3.5,2.5,49.0
2012-10-24,3.5,3.5,3.5,3.5,2.5,16.0
2012-10-25,3.94,3.94,3.94,3.94,2.82,16.0
2012-10-26,4.11,4.11,4.11,4.11,2.94,33.0
2012-10-29,4.11,4.11,4.11,4.11,2.94,
2012-10-30,4.37,4.37,4.37,4.37,3.12,327.0
2012-10-31,4.37,4.37,4.37,4.37,3.12,
2012-11-01,4.37,4.37,4.37,4.37,3.12,
2012-11-05,4.37,4.37,4.37,4.37,3.12,
2012-11-06,4.37,4.37,4.37,4.37,3.12,
2012-11-07,4.37,4.37,4.37,4.37,3.12,
2012-11-08,4.37,4.37,4.37,4.37,3.12,
2012-11-09,4.37,4.37,4.37,4.37,3.12,
2012-11-12,4.37,4.37,4.37,4.37,3.12,
2012-11-13,4.37,4.37,4.37,4.37,3.12,
2012-11-14,4.37,4.37,4.37,4.37,3.12,
2012-11-16,4.37,4.37,4.37,4.37,3.12,
2012-11-19,4.37,4.37,4.37,4.37,3.12,
2012-11-21,4.37,4.37,4.37,4.37,3.12,
2012-11-22,4.37,4.37,4.37,4.37,3.12,
2012-11-23,4.37,4.37,4.37,4.37,3.12,
2012-11-26,4.37,4.37,4.37,4.37,3.12,
2012-11-27,4.37,4.37,4.37,4.37,3.12,
2012-11-28,4.37,4.37,4.37,4.37,3.12,
2012-11-29,4.37,4.37,4.37,4.37,3.12,
2012-11-30,4.37,4.37,4.37,4.37,3.12,327.0
2012-12-03,4.37,4.37,4.37,4.37,3.12,
2012-12-04,4.37,4.37,4.37,4.37,3.12,81.0
2012-12-05,5.06,5.16,5.01,5.11,3.66,4265600.0
2012-12-06,5.18,5.4,5.12,5.4,3.86,11405600.0
2012-12-07,5.37,5.53,5.34,5.47,3.91,8202400.0
2012-12-10,5.5,5.5,5.36,5.38,3.84,5569600.0
2012-12-11,5.4,5.41,5.26,5.35,3.83,5729600.0
2012-12-12,5.34,5.38,5.28,5.38,3.84,3867200.0
2012-12-13,5.25,5.45,5.25,5.41,3.87,6415200.0
2012-12-14,5.37,5.5,5.34,5.44,3.89,1723200.0
2012-12-17,5.49,5.64,5.38,5.62,4.02,4414400.0
2012-12-18,5.62,5.82,5.6,5.8,4.15,12344000.0
2012-12-19,5.77,5.83,5.63,5.81,4.16,9903200.0
2012-12-20,5.81,5.94,5.71,5.81,4.15,7353600.0
2012-12-21,5.75,5.84,5.67,5.78,4.13,5553600.0
2012-12-26,5.79,5.8,5.69,5.69,4.07,1620000.0
2012-12-27,5.62,5.78,5.61,5.64,4.03,2300800.0
2012-12-28,5.64,5.78,5.62,5.78,4.13,4268800.0
2013-01-02,5.94,5.94,5.63,5.69,4.07,2392000.0
2013-01-03,5.71,5.71,5.49,5.55,3.97,4185600.0
2013-01-04,5.54,5.74,5.44,5.74,4.1,4909600.0
2013-01-07,5.69,5.75,5.63,5.74,4.1,2370400.0
2013-01-08,5.69,5.74,5.49,5.5,3.93,8401600.0
2013-01-09,5.56,5.64,5.49,5.54,3.96,13913600.0
2013-01-10,5.7,5.7,5.49,5.62,4.02,5908000.0
2013-01-11,5.6,5.74,5.59,5.7,4.08,5255200.0
2013-01-14,5.67,5.68,5.33,5.39,3.85,93581600.0
2013-01-15,5.67,5.68,5.31,5.34,3.82,6092000.0
2013-01-16,5.36,5.45,5.15,5.4,3.86,9816000.0
2013-01-17,5.38,5.52,5.38,5.47,3.92,8480000.0
2013-01-18,5.45,5.51,5.39,5.46,3.91,5317600.0
2013-01-21,5.45,5.5,5.39,5.5,3.93,3027200.0
2013-01-22,5.53,5.53,5.44,5.49,3.92,4852000.0
2013-01-23,5.53,5.57,5.44,5.55,3.97,10492000.0
2013-01-24,5.57,5.74,5.52,5.69,4.07,15075200.0
2013-01-28,5.68,5.78,5.63,5.75,4.11,9405600.0
2013-01-29,5.73,5.93,5.71,5.93,4.24,13282400.0
2013-01-30,5.92,6.11,5.92,6.04,4.32,12032800.0
2013-01-31,6.05,6.12,5.98,6.11,4.37,7564000.0
2013-02-01,6.06,6.2,6.05,6.13,4.38,5417600.0
2013-02-04,6.12,6.14,6.05,6.11,4.37,5664000.0
2013-02-05,6.2,6.2,6.07,6.16,4.41,5867200.0
2013-02-06,6.22,6.24,6.13,6.18,4.42,5665600.0
2013-02-07,6.15,6.28,6.09,6.18,4.42,6226400.0
2013-02-08,6.17,6.36,6.15,6.31,4.51,9074400.0
2013-02-13,6.3,6.46,6.28,6.3,4.51,2589600.0
2013-02-14,6.35,6.37,6.3,6.34,4.53,8069600.0
2013-02-15,6.34,6.44,6.27,6.4,4.58,6355200.0
2013-02-18,6.43,6.47,6.32,6.4,4.58,6926400.0
2013-02-19,6.38,6.44,6.21,6.33,4.52,7113600.0
2013-02-20,6.31,6.39,6.22,6.25,4.47,6141600.0
2013-02-21,6.22,6.31,6.13,6.28,4.49,4352000.0
2013-02-22,6.25,6.45,6.25,6.4,4.58,5444000.0
2013-02-25,6.44,6.44,6.3,6.38,4.56,5032800.0
2013-02-26,6.32,6.42,6.32,6.38,4.56,4185600.0
2013-02-27,6.4,6.44,6.33,6.37,4.56,3423200.0
2013-02-28,6.38,6.48,6.32,6.47,4.63,17562400.0
2013-03-01,6.38,6.48,6.36,6.4,4.58,6769600.0
2013-03-04,6.35,6.66,6.35,6.61,4.73,7862400.0
2013-03-05,6.65,6.79,6.6,6.6,4.72,7654400.0
2013-03-06,6.68,6.81,6.47,6.61,4.73,4278800.0
2013-03-07,6.64,6.74,6.28,6.39,4.57,9754000.0
2013-03-08,6.4,6.52,6.19,6.43,4.6,4219200.0
2013-03-11,6.4,6.4,6.17,6.22,4.45,9644800.0
2013-03-12,6.22,6.24,6.01,6.07,4.34,7337200.0
2013-03-13,6.12,6.28,6.07,6.19,4.42,4951200.0
2013-03-14,6.24,6.3,6.1,6.18,4.42,11868000.0
2013-03-15,6.1,6.19,5.98,6.03,4.31,18054400.0
2013-03-18,6.1,6.16,5.89,6.16,4.41,5120800.0
2013-03-19,6.1,6.35,5.89,6.3,4.5,6126000.0
2013-03-20,6.38,6.43,6.1,6.11,4.37,15468400.0
2013-03-21,6.08,6.1,5.91,6.1,4.48,6724000.0
2013-03-22,6.07,6.11,5.83,5.89,4.33,11838000.0
2013-03-25,5.93,6.22,5.87,6.22,4.57,6182400.0
2013-03-26,6.19,6.28,6.03,6.2,4.56,11516400.0
2013-03-27,6.18,6.41,6.16,6.4,4.71,4717600.0
2013-03-28,6.4,6.49,6.27,6.49,4.77,7668800.0
2013-04-01,6.46,6.53,6.35,6.4,4.71,6361200.0
2013-04-02,6.46,6.57,6.35,6.47,4.75,7770800.0
2013-04-03,6.46,6.5,6.32,6.43,4.72,5186400.0
2013-04-04,6.43,6.48,6.29,6.38,4.69,3454800.0
2013-04-05,6.36,6.47,6.23,6.45,4.74,6502400.0
2013-04-08,6.42,6.55,6.38,6.44,4.73,4273600.0
2013-04-09,6.51,6.54,6.42,6.5,4.78,3414000.0
2013-04-10,6.51,6.64,6.43,6.61,4.86,4658800.0
2013-04-11,6.56,6.64,6.55,6.6,4.85,4172800.0
2013-04-12,6.59,6.66,6.51,6.6,4.85,11241600.0
2013-04-15,6.54,6.7,6.52,6.61,4.86,3632000.0
2013-04-16,6.66,6.67,6.52,6.58,4.84,6364800.0
2013-04-17,6.55,6.59,6.45,6.5,4.78,2812000.0
2013-04-18,6.44,6.55,6.33,6.43,4.72,3758400.0
2013-04-19,6.43,6.51,6.29,6.32,4.65,5751200.0
2013-04-22,6.94,7.05,6.6,6.81,5.01,25351200.0
2013-04-23,6.76,6.95,6.76,6.93,5.13,14830800.0
2013-04-24,6.87,6.97,6.72,6.93,5.13,13168000.0
2013-04-25,6.9,6.97,6.81,6.84,5.07,7922800.0
2013-04-26,,,,,,
2013-04-29,6.78,6.86,6.66,6.75,5.0,6482800.0
2013-04-30,6.85,7.01,6.79,6.99,5.18,8374000.0
2013-05-02,6.99,7.32,6.99,7.12,5.28,14105200.0
2013-05-03,7.23,7.26,7.04,7.1,5.26,7980000.0
2013-05-06,7.17,7.22,7.09,7.2,5.34,2980800.0
2013-05-07,7.2,7.31,7.13,7.22,5.36,5471200.0
2013-05-08,7.22,7.42,7.05,7.28,5.4,9029200.0
2013-05-09,7.24,7.38,7.24,7.37,5.47,6501200.0
2013-05-10,7.29,7.37,7.22,7.24,5.37,7122000.0
2013-05-13,7.2,7.5,7.2,7.5,5.56,9297600.0
2013-05-14,7.56,7.74,7.45,7.49,5.55,14511600.0
2013-05-15,7.55,7.8,7.53,7.75,5.87,15384400.0
2013-05-16,7.72,7.81,7.72,7.78,5.88,6103600.0
2013-05-17,7.81,7.84,7.67,7.75,5.87,9753600.0
2013-05-20,7.81,7.84,7.67,7.78,5.88,4290000.0
2013-05-21,7.76,7.78,7.75,7.77,5.88,3684400.0
2013-05-22,7.78,7.92,7.73,7.86,5.95,11066400.0
2013-05-23,7.82,7.88,7.71,7.75,5.87,5918000.0
2013-05-24,7.78,7.94,7.76,7.86,5.95,7045200.0
2013-05-27,7.83,8.06,7.82,7.99,6.05,2384000.0
2013-05-28,8.06,8.2,8.01,8.04,6.08,6491200.0
2013-05-29,7.97,7.99,7.74,7.8,5.9,8232400.0
2013-05-31,7.69,7.86,7.47,7.76,5.88,11832800.0
2013-06-03,7.86,7.97,7.79,7.89,5.97,15648000.0
2013-06-04,7.95,8.1,7.62,7.65,5.79,7494400.0
2013-06-05,7.65,7.69,7.5,7.61,5.76,4284000.0
2013-06-06,7.61,7.7,7.47,7.51,5.68,5444000.0
2013-06-07,7.48,7.5,7.3,7.38,5.58,4197600.0
2013-06-10,7.35,7.53,7.32,7.46,5.64,3872400.0
2013-06-11,7.44,7.64,7.37,7.62,5.77,10203600.0
2013-06-12,7.64,7.75,7.55,7.61,5.76,10706000.0
2013-06-13,7.54,7.74,7.53,7.68,5.81,5264000.0
2013-06-14,7.79,7.87,7.65,7.75,5.87,7190800.0
2013-06-17,7.72,7.91,7.65,7.76,5.88,3830800.0
2013-06-18,7.8,7.98,7.72,7.93,6.0,7086000.0
2013-06-19,7.93,8.06,7.55,7.65,5.79,10640800.0
2013-06-20,7.58,7.59,7.09,7.39,5.6,13867600.0
2013-06-21,7.38,7.52,7.31,7.44,5.63,12992800.0
2013-06-24,7.32,7.32,6.92,7.2,5.45,12981600.0
2013-06-25,7.3,7.3,7.14,7.24,5.48,4610400.0
2013-06-26,7.22,7.59,7.17,7.5,5.68,5707600.0
2013-06-27,7.5,7.76,7.45,7.71,5.84,6704800.0
2013-06-28,7.71,7.87,7.62,7.7,5.83,10792800.0
2013-07-01,7.71,7.87,7.58,7.75,5.87,7805600.0
2013-07-02,7.68,7.78,7.26,7.38,5.58,11912800.0
2013-07-03,7.45,7.47,7.15,7.3,5.53,6593200.0
2013-07-04,7.38,7.43,7.16,7.25,5.49,2910400.0
2013-07-05,7.34,7.34,7.08,7.22,5.47,5611600.0
2013-07-08,7.29,7.33,7.09,7.32,5.54,3757600.0
2013-07-10,7.41,7.51,7.33,7.51,5.68,4075600.0
2013-07-11,7.59,7.66,7.45,7.54,5.7,4227600.0
2013-07-12,7.49,7.55,7.4,7.5,5.68,3387600.0
2013-07-15,7.4,7.64,7.4,7.55,5.72,4398000.0
2013-07-16,7.65,7.74,7.53,7.72,5.85,4072800.0
2013-07-17,7.75,7.84,7.68,7.8,5.9,8654800.0
2013-07-18,7.71,7.75,7.62,7.73,5.85,6117600.0
2013-07-19,7.75,7.75,7.55,7.64,5.78,4264800.0
2013-07-22,7.61,7.68,7.54,7.66,5.79,5893600.0
2013-07-23,7.67,7.72,7.57,7.7,5.83,3729600.0
2013-07-24,7.66,7.69,7.5,7.55,5.72,8305200.0
2013-07-25,7.49,7.77,7.47,7.77,5.88,10553600.0
2013-07-26,,,,,,
2013-07-29,7.85,7.98,7.76,7.96,6.03,7159600.0
2013-07-30,7.94,8.03,7.88,8.03,6.08,7333600.0
2013-07-31,8.03,8.14,7.92,8.12,6.15,9168000.0
2013-08-01,8.07,8.17,7.93,8.02,6.07,6910800.0
2013-08-02,8.02,8.1,7.92,8.06,6.1,3004800.0
2013-08-05,8.06,8.08,7.84,7.92,5.99,3423200.0
2013-08-06,7.95,7.95,7.74,7.8,5.9,3204400.0
2013-08-07,7.87,7.87,7.56,7.59,5.74,5683600.0
2013-08-08,7.89,8.14,7.78,7.98,6.04,14019600.0
2013-08-09,8.02,8.27,7.98,8.14,6.23,7817200.0
2013-08-12,8.1,8.26,8.03,8.08,6.18,5370400.0
2013-08-13,8.06,8.14,7.98,8.07,6.18,3521200.0
2013-08-14,8.07,8.1,7.76,7.79,5.96,6101600.0
2013-08-15,7.79,7.82,7.7,7.82,5.98,3884000.0
2013-08-16,7.79,7.8,7.63,7.64,5.85,5434400.0
2013-08-19,7.65,7.68,7.28,7.36,5.63,6380000.0
2013-08-20,7.36,7.51,7.28,7.5,5.74,9509600.0
2013-08-21,7.44,7.56,7.22,7.31,5.6,10701600.0
2013-08-22,7.36,7.45,7.22,7.27,5.57,8949200.0
2013-08-23,7.31,7.56,7.22,7.5,5.74,5300400.0
2013-08-26,7.53,7.62,7.47,7.57,5.8,13444000.0
2013-08-27,7.47,7.8,7.44,7.79,5.96,7376800.0
2013-08-28,7.79,7.86,7.71,7.79,5.96,5435200.0
2013-08-29,7.79,8.14,7.74,8.12,6.22,8380800.0
2013-08-30,7.79,8.31,7.74,8.03,6.15,19896800.0
2013-09-02,8.12,8.25,8.08,8.19,6.26,6346000.0
2013-09-03,8.14,8.21,7.66,7.76,5.94,50529600.0
2013-09-04,7.76,7.93,7.66,7.93,6.07,6705600.0
2013-09-05,7.88,8.1,7.78,8.07,6.17,15284800.0
2013-09-06,8.14,8.17,7.92,8.12,6.22,7424000.0
2013-09-09,8.06,8.25,8.06,8.18,6.26,6974000.0
2013-09-10,8.18,8.2,8.0,8.06,6.17,4390400.0
2013-09-11,8.01,8.08,7.81,7.99,6.12,6880400.0
2013-09-12,7.96,7.99,7.85,7.93,6.07,8342000.0
2013-09-13,7.91,8.1,7.84,8.03,6.15,11324800.0
2013-09-16,8.1,8.12,7.98,8.05,6.16,4103600.0
2013-09-17,8.05,8.09,7.71,7.74,5.93,62704400.0
2013-09-18,7.74,7.99,7.74,7.95,6.08,22752000.0
2013-09-19,7.93,8.02,7.7,7.81,5.98,12426400.0
2013-09-20,7.9,7.9,7.67,7.72,5.91,3926400.0
2013-09-23,7.9,7.9,7.59,7.88,6.03,10783200.0
2013-09-24,7.9,8.09,7.59,8.07,6.18,14886800.0
2013-09-25,8.03,8.21,7.92,8.04,6.15,12674400.0
2013-09-26,8.07,8.11,7.86,7.97,6.1,6137200.0
2013-09-27,8.02,8.03,7.85,8.0,6.12,6744000.0
2013-09-30,8.02,8.05,7.81,7.88,6.03,10414400.0
2013-10-01,7.88,7.91,7.74,7.77,5.95,7271600.0
2013-10-02,7.75,7.86,7.66,7.7,5.89,6854000.0
2013-10-03,7.7,7.76,7.45,7.54,5.77,9752800.0
2013-10-04,7.54,7.88,7.54,7.75,5.93,9280000.0
2013-10-07,7.72,7.84,7.68,7.78,5.95,6321200.0
2013-10-08,7.76,7.84,7.67,7.73,5.92,6456800.0
2013-10-09,7.75,7.95,7.62,7.95,6.09,22414000.0
2013-10-10,7.99,8.0,7.88,7.95,6.08,3735600.0
2013-10-11,7.95,8.15,7.95,8.15,6.24,15724000.0
2013-10-14,8.14,8.22,8.07,8.22,6.29,7163200.0
2013-10-15,8.16,8.24,8.07,8.07,6.18,13384800.0
2013-10-16,8.12,8.12,7.81,7.86,6.01,14773600.0
2013-10-17,7.8,7.94,7.61,7.64,5.85,11769600.0
2013-10-18,7.68,7.92,7.62,7.84,6.0,7559200.0
2013-10-21,7.84,8.04,7.81,8.02,6.14,4657600.0
2013-10-22,7.99,8.04,7.87,7.96,6.09,5802000.0
2013-10-23,7.96,7.98,7.85,7.98,6.11,8930800.0
2013-10-24,7.95,8.02,7.8,7.97,6.1,5613600.0
2013-10-25,8.02,8.23,7.91,8.05,6.16,8713600.0
2013-10-28,8.06,8.1,7.84,7.9,6.05,5301200.0
2013-10-29,7.92,7.99,7.83,7.92,6.06,5462000.0
2013-10-30,7.93,8.02,7.86,8.02,6.14,9760000.0
2013-10-31,8.06,8.28,7.97,8.2,6.27,11134000.0
2013-11-01,8.25,8.45,8.13,8.41,6.44,13002000.0
2013-11-04,8.43,8.91,8.43,8.66,6.63,30559200.0
2013-11-05,8.73,8.8,8.52,8.78,6.72,12832400.0
2013-11-06,8.74,8.81,8.62,8.68,6.64,11742800.0
2013-11-07,8.82,9.19,8.82,9.09,6.96,13317600.0
2013-11-08,9.05,9.25,8.9,9.22,7.15,21874000.0
2013-11-11,9.23,9.4,9.02,9.38,7.27,7883200.0
2013-11-12,9.38,9.42,9.23,9.38,7.27,10043200.0
2013-11-13,9.31,9.67,9.19,9.3,7.21,27093600.0
2013-11-14,9.37,9.61,8.94,9.5,7.36,15273200.0
2013-11-18,9.5,9.7,9.44,9.45,7.32,10785600.0
2013-11-19,9.45,9.55,9.24,9.36,7.25,6579200.0
2013-11-21,9.27,9.56,9.27,9.45,7.32,8542800.0
2013-11-22,9.38,9.84,9.36,9.8,7.6,9171200.0
2013-11-25,9.84,9.89,9.42,9.48,7.34,7868400.0
2013-11-26,9.43,9.8,9.42,9.8,7.6,12678800.0
2013-11-27,9.76,9.87,9.64,9.69,7.51,4826800.0
2013-11-28,9.78,9.82,9.6,9.7,7.52,4048800.0
2013-11-29,9.84,9.9,9.65,9.89,7.66,5011600.0
2013-12-02,9.82,9.94,9.69,9.8,7.6,6731600.0
2013-12-03,9.72,9.8,9.43,9.57,7.42,6544800.0
2013-12-04,9.25,9.75,9.03,9.53,7.39,10520000.0
2013-12-05,9.25,9.82,9.03,9.7,7.52,5996400.0
2013-12-06,9.75,9.82,9.62,9.69,7.51,5024400.0
2013-12-09,9.7,9.77,9.54,9.76,7.56,4568400.0
2013-12-10,9.69,9.91,9.65,9.74,7.55,7267200.0
2013-12-11,9.73,9.79,9.57,9.6,7.44,6933600.0
2013-12-12,9.65,9.76,9.53,9.6,7.44,7335200.0
2013-12-13,9.59,9.69,9.48,9.48,7.34,9894400.0
2013-12-16,9.5,9.6,9.49,9.5,7.36,5938000.0
2013-12-17,9.48,9.55,9.33,9.39,7.28,9447200.0
2013-12-18,9.43,9.5,9.23,9.38,7.27,13667200.0
2013-12-19,9.43,9.6,9.35,9.5,7.36,4067600.0
2013-12-20,9.49,9.61,9.4,9.5,7.36,4980000.0
2013-12-23,9.55,9.68,9.51,9.62,7.46,2855200.0
2013-12-26,9.62,9.7,9.59,9.62,7.46,2475200.0
2013-12-27,9.64,9.71,9.63,9.71,7.53,1918000.0
2013-12-30,9.69,9.85,9.67,9.81,7.61,3801200.0
2014-01-02,9.9,9.93,9.51,9.6,7.44,4262800.0
2014-01-03,9.53,9.72,9.51,9.62,7.46,5748000.0
2014-01-06,9.67,9.68,9.48,9.62,7.46,4195200.0
2014-01-07,9.56,9.65,9.44,9.5,7.36,24451600.0
2014-01-08,9.46,9.69,9.44,9.69,7.51,9949200.0
2014-01-09,9.64,9.78,9.45,9.54,7.39,6280000.0
2014-01-10,9.59,9.81,9.5,9.8,7.6,7763200.0
2014-01-13,9.84,9.85,9.69,9.76,7.57,6128400.0
2014-01-14,9.74,9.84,9.69,9.8,7.6,4742800.0
2014-01-15,9.75,9.9,9.66,9.69,7.51,3825200.0
2014-01-16,9.74,9.85,9.53,9.59,7.43,5192800.0
2014-01-17,9.55,9.7,9.39,9.41,7.29,7215600.0
2014-01-20,9.41,9.55,9.12,9.37,7.26,2062000.0
2014-01-21,9.27,9.27,9.27,9.31,7.21,4018000.0
2014-01-22,9.35,9.4,9.19,9.33,7.23,5518800.0
2014-01-23,9.27,9.4,9.15,9.21,7.14,5372800.0
2014-01-24,9.2,9.3,8.95,8.99,6.97,6701200.0
2014-01-27,9.02,9.11,8.95,9.07,7.03,10686800.0
2014-01-28,9.14,9.27,9.08,9.19,7.12,3145600.0
2014-01-29,9.19,9.23,9.1,9.16,7.1,5922800.0
2014-01-30,9.16,9.23,9.03,9.1,7.05,8780800.0
2014-01-31,9.1,9.24,9.02,9.22,7.15,6543600.0
2014-02-03,9.2,9.41,9.1,9.15,7.09,9849600.0
2014-02-04,9.17,9.41,9.05,9.4,7.29,5962800.0
2014-02-05,9.4,9.51,9.27,9.41,7.29,12713600.0
2014-02-06,9.46,9.74,9.41,9.65,7.48,16864000.0
2014-02-07,9.72,10.07,9.66,9.98,7.73,10664800.0
2014-02-10,9.95,9.98,9.84,9.94,7.71,5656000.0
2014-02-11,9.96,10.05,9.88,10.0,7.75,9151200.0
2014-02-12,10.0,10.21,9.89,10.01,7.75,6258400.0
2014-02-13,9.99,10.01,9.85,10.0,7.75,5509200.0
2014-02-14,10.04,10.17,9.93,10.12,7.85,10394400.0
2014-02-17,10.15,10.19,9.96,10.01,7.76,4228400.0
2014-02-18,9.99,10.05,9.64,9.84,7.62,13602000.0
2014-02-19,9.75,9.82,9.59,9.73,7.54,11854800.0
2014-02-20,9.73,10.44,9.66,10.15,7.87,16372400.0
2014-02-21,10.24,10.6,10.12,10.35,8.02,14601600.0
2014-02-24,10.43,10.94,10.38,10.88,8.43,21060400.0
2014-02-25,10.85,11.18,10.59,10.7,8.29,15394400.0
2014-02-26,10.65,10.89,10.55,10.8,8.37,7329200.0
2014-02-27,10.89,10.98,10.59,10.9,8.45,7612400.0
2014-02-28,10.92,11.31,10.81,10.93,8.47,16576800.0
2014-03-05,10.99,11.33,10.9,11.14,8.63,5172000.0
2014-03-06,11.25,11.48,10.82,10.88,8.43,14885600.0
2014-03-07,10.84,10.94,10.58,10.62,8.23,10491200.0
2014-03-10,10.57,10.93,10.44,10.68,8.28,8148800.0
2014-03-11,10.76,11.09,10.7,11.0,8.53,7513200.0
2014-03-12,11.05,11.14,10.93,11.07,8.58,8274800.0
2014-03-13,11.14,11.14,10.77,11.04,8.56,5036400.0
2014-03-14,11.0,11.02,10.66,11.02,8.54,6081600.0
2014-03-17,10.94,11.34,10.93,11.2,8.68,9047600.0
2014-03-18,11.75,11.97,11.52,11.7,9.07,19894800.0
2014-03-19,11.68,11.86,11.53,11.77,9.21,8689200.0
2014-03-20,11.73,12.29,11.7,12.19,9.53,11610000.0
2014-03-21,12.12,12.24,11.86,12.07,9.44,24452000.0
2014-03-24,12.0,12.18,11.93,12.17,9.52,6932800.0
2014-03-25,12.22,12.28,12.03,12.07,9.44,4932400.0
2014-03-26,12.15,12.2,11.85,11.88,9.29,10586400.0
2014-03-27,11.87,12.29,11.85,12.24,9.57,9118800.0
2014-03-28,12.27,12.5,12.26,12.4,9.69,5668000.0
2014-03-31,12.45,12.5,12.28,12.48,9.75,7741200.0
2014-04-01,12.5,12.66,12.2,12.25,9.58,7612400.0
2014-04-02,12.32,12.46,12.18,12.45,9.73,18331200.0
2014-04-03,12.5,12.52,12.03,12.23,9.56,7403600.0
2014-04-04,12.36,12.45,12.06,12.16,9.51,5063200.0
2014-04-07,12.3,12.34,11.93,11.95,9.34,8828400.0
2014-04-08,12.02,12.06,11.65,11.75,9.19,6183600.0
2014-04-09,11.73,11.81,11.56,11.7,9.15,7669600.0
2014-04-10,11.7,11.75,11.52,11.7,9.15,13000800.0
2014-04-11,11.7,12.27,11.63,12.24,9.57,16510800.0
2014-04-14,12.25,12.28,11.87,11.95,9.34,7211200.0
2014-04-15,11.95,12.02,11.45,11.63,9.09,7052000.0
2014-04-16,11.58,11.86,11.58,11.83,9.25,5743600.0
2014-04-17,11.83,11.95,11.65,11.93,9.33,4498800.0
2014-04-22,11.93,11.95,11.64,11.72,9.16,7344800.0
2014-04-23,11.72,11.75,11.23,11.32,8.85,17375600.0
2014-04-24,11.3,11.48,11.23,11.35,8.87,12962000.0
2014-04-25,11.35,11.73,11.32,11.73,9.17,11546000.0
2014-04-28,11.73,11.84,11.63,11.84,9.25,3658400.0
2014-04-29,11.84,11.88,11.69,11.81,9.23,5285200.0
2014-04-30,11.73,11.94,11.66,11.88,9.29,5890800.0
2014-05-02,11.88,12.5,11.88,12.5,9.77,10476800.0
2014-05-05,12.5,12.79,12.4,12.79,10.0,6760400.0
2014-05-06,12.73,12.95,12.56,12.85,10.05,10838400.0
2014-05-07,13.27,13.53,13.25,13.52,10.57,34744000.0
2014-05-08,13.47,13.78,13.4,13.51,10.56,13670000.0
2014-05-09,13.53,13.56,13.4,13.56,10.6,6038800.0
2014-05-12,13.53,13.84,13.53,13.84,10.82,3694000.0
2014-05-13,13.87,14.05,13.75,13.99,10.94,6796800.0
2014-05-14,13.99,14.05,13.57,13.95,11.1,11445200.0
2014-05-15,13.86,13.87,13.7,13.75,10.94,8497200.0
2014-05-16,13.75,14.36,13.75,14.3,11.38,9663200.0
2014-05-19,14.37,14.48,14.13,14.23,11.32,22708800.0
2014-05-20,14.23,14.31,13.62,13.72,10.92,7707600.0
2014-05-21,13.76,14.06,13.63,13.94,11.09,16831600.0
2014-05-22,14.02,14.23,13.82,14.06,11.19,4628800.0
2014-05-23,14.01,14.1,13.8,14.07,11.2,8698800.0
2014-05-26,14.19,14.23,14.03,14.23,11.32,2372000.0
2014-05-27,14.17,14.21,13.85,13.97,11.12,7908400.0
2014-05-28,14.06,14.1,13.88,14.06,11.19,7641200.0
2014-05-29,14.07,14.07,13.94,13.98,11.12,6235200.0
2014-05-30,13.9,14.22,13.86,14.22,11.31,11816000.0
2014-06-02,14.19,14.28,14.03,14.13,11.24,5993200.0
2014-06-03,14.17,14.23,14.07,14.23,11.32,4612800.0
2014-06-04,14.23,14.64,14.15,14.59,11.61,5179200.0
2014-06-05,14.62,14.83,14.62,14.69,11.69,8479200.0
2014-06-06,14.95,15.04,14.49,14.84,11.81,5980000.0
2014-06-09,14.75,15.07,14.7,14.99,11.93,7646400.0
2014-06-10,15.03,15.36,14.9,15.36,12.22,4908800.0
2014-06-11,15.3,15.36,14.95,15.13,12.04,5156000.0
2014-06-13,15.25,15.3,15.09,15.25,12.13,5199200.0
2014-06-16,15.3,15.31,15.19,15.21,12.11,5694800.0
2014-06-17,15.23,15.34,15.12,15.34,12.2,3416800.0
2014-06-18,15.34,15.34,14.85,15.24,12.13,10046400.0
2014-06-20,15.17,15.19,14.78,14.82,11.8,8644000.0
2014-06-23,14.82,14.95,14.73,14.95,11.9,9401600.0
2014-06-24,14.98,15.36,14.84,15.34,12.2,11741200.0
2014-06-25,15.34,15.61,15.21,15.39,12.24,10265200.0
2014-06-26,15.45,15.56,15.23,15.44,12.28,9708400.0
2014-06-27,15.49,15.62,15.27,15.56,12.38,4236400.0
2014-06-30,15.55,15.6,15.34,15.49,12.33,4807600.0
2014-07-01,15.57,15.73,15.31,15.38,12.23,4504800.0
2014-07-02,15.53,15.53,14.91,15.06,11.99,8754000.0
2014-07-03,14.96,15.55,14.88,15.34,12.2,10936800.0
2014-07-04,14.81,15.23,14.81,14.97,13.49,1515600.0
2014-07-07,14.85,14.95,14.56,14.82,13.36,23587200.0
2014-07-08,14.74,14.98,14.74,14.77,13.31,8812000.0
2014-07-10,14.87,15.17,14.84,15.05,13.56,31971600.0
2014-07-11,15.0,15.3,14.93,15.25,13.75,10315600.0
2014-07-14,15.27,15.38,15.13,15.18,13.68,9395600.0
2014-07-15,15.18,15.5,15.07,15.34,13.83,8538000.0
2014-07-16,15.35,15.55,15.35,15.49,13.97,8952800.0
2014-07-17,15.41,15.54,14.99,15.12,13.63,8565200.0
2014-07-18,15.48,15.61,15.21,15.35,13.84,9794000.0
2014-07-21,15.38,15.66,15.34,15.55,14.01,6619200.0
2014-07-22,15.56,15.71,15.53,15.7,14.15,7319600.0
2014-07-23,15.55,15.6,15.2,15.51,13.98,27941200.0
2014-07-24,15.55,15.85,15.4,15.84,14.28,6964400.0
2014-07-25,15.72,15.82,15.31,15.47,13.95,12943600.0
2014-07-28,15.5,15.77,15.38,15.73,14.18,8096400.0
2014-07-29,15.7,15.73,15.57,15.7,14.15,3965600.0
2014-07-30,15.74,15.77,15.38,15.52,14.0,5614800.0
2014-07-31,15.41,15.49,14.96,15.1,13.62,10128000.0
2014-08-01,15.11,15.49,14.88,15.45,13.93,8874400.0
2014-08-04,15.5,15.65,15.43,15.58,14.05,6636000.0
2014-08-05,15.62,15.74,15.44,15.48,13.95,7744000.0
2014-08-06,15.43,15.62,15.39,15.56,14.03,13747600.0
2014-08-07,15.64,15.72,15.28,15.38,13.86,14018000.0
2014-08-08,15.38,15.44,14.71,14.91,13.44,15209200.0
2014-08-11,15.01,15.25,14.96,15.22,13.72,7504800.0
2014-08-12,15.2,15.28,15.05,15.27,13.77,5526000.0
2014-08-13,15.29,15.45,14.96,15.3,13.79,7916400.0
2014-08-14,15.73,15.97,15.26,15.57,14.04,23711200.0
2014-08-15,15.63,16.25,15.63,16.23,14.63,13257200.0
2014-08-18,16.36,16.49,16.3,16.46,14.84,11638400.0
2014-08-19,16.34,16.5,16.18,16.47,14.85,7422800.0
2014-08-20,16.38,16.56,16.35,16.45,14.83,8748400.0
2014-08-21,16.37,16.56,16.06,16.19,14.6,5352800.0
2014-08-22,16.1,16.22,15.96,16.06,14.48,3996400.0
2014-08-25,16.18,16.28,15.98,16.25,14.65,5533200.0
2014-08-26,16.3,16.47,16.14,16.37,14.76,6128400.0
2014-08-27,16.35,16.65,16.21,16.64,15.0,7496000.0
2014-08-28,16.5,16.62,16.28,16.31,14.7,6125200.0
2014-08-29,16.42,16.83,16.28,16.81,15.16,16572400.0
2014-09-01,16.76,16.85,16.6,16.78,15.12,5254800.0
2014-09-02,16.68,16.74,16.13,16.39,14.77,7604000.0
2014-09-03,16.45,16.6,15.78,16.05,14.47,13223600.0
2014-09-04,15.94,15.95,15.39,15.69,14.14,19554000.0
2014-09-05,15.71,16.12,15.47,16.07,14.49,10662400.0
2014-09-08,16.16,16.21,15.69,15.84,14.28,8219200.0
2014-09-09,15.75,15.84,15.46,15.56,14.03,9459200.0
2014-09-10,15.51,15.52,15.2,15.38,13.86,8309200.0
2014-09-11,15.4,15.5,15.02,15.48,13.96,11067600.0
2014-09-12,15.19,15.22,14.76,15.05,13.57,13391200.0
2014-09-15,15.16,15.4,14.9,15.2,13.7,5108900.0
2014-09-16,15.25,15.95,15.25,15.65,14.11,8735000.0
2014-09-17,15.78,15.82,15.26,15.45,13.93,6337500.0
2014-09-18,15.28,15.28,14.56,14.71,13.26,11735800.0
2014-09-19,14.6,14.79,14.15,14.7,13.25,17472500.0
2014-09-22,14.58,14.74,14.1,14.56,13.13,9018500.0
2014-09-23,14.5,14.79,14.26,14.6,13.16,12532300.0
2014-09-24,14.42,15.04,14.22,14.99,13.51,8716700.0
2014-09-25,14.95,15.1,14.6,14.65,13.21,8003000.0
2014-09-26,14.69,15.2,14.6,15.09,13.6,8714400.0
2014-09-29,14.4,14.98,14.28,14.7,13.25,7387500.0
2014-09-30,14.45,15.43,14.45,15.38,13.86,10319400.0
2014-10-01,15.09,15.37,14.66,15.05,13.57,7004000.0
2014-10-02,15.04,15.04,14.59,14.94,13.47,8233800.0
2014-10-03,14.94,15.6,14.85,15.4,13.88,8216400.0
2014-10-06,15.99,16.15,15.6,15.94,14.37,25159800.0
2014-10-07,16.4,16.4,15.91,16.0,14.42,9336300.0
2014-10-08,16.1,16.3,15.88,16.18,14.59,9883200.0
2014-10-09,16.49,16.49,15.91,16.15,14.56,7286600.0
2014-10-10,15.58,15.58,15.58,15.58,14.05,8384100.0
2014-10-13,16.06,16.06,15.11,15.5,13.97,6046600.0
2014-10-14,15.62,15.63,15.26,15.4,13.88,5668200.0
2014-10-15,15.28,15.28,14.71,14.89,13.42,7076700.0
2014-10-16,14.5,14.87,14.31,14.81,13.35,9924700.0
2014-10-17,15.1,15.15,14.73,15.1,13.61,6373000.0
2014-10-20,14.99,15.09,14.41,14.65,13.21,9503600.0
2014-10-21,14.41,14.41,14.41,14.41,12.99,11045300.0
2014-10-22,14.5,14.65,14.16,14.34,12.93,6733000.0
2014-10-23,14.13,14.24,13.72,13.77,12.41,13566700.0
2014-10-24,14.09,14.48,13.85,14.19,12.79,7994900.0
2014-10-27,13.85,15.55,13.85,15.42,13.9,20604300.0
2014-10-28,15.45,16.3,15.3,16.25,14.65,19699000.0
2014-10-29,16.05,16.56,15.93,16.39,14.78,27952700.0
2014-10-30,16.39,17.01,16.33,16.85,15.19,15576500.0
2014-10-31,16.97,17.7,16.7,17.66,15.92,17200000.0
2014-11-03,17.53,17.64,16.93,17.53,15.8,8042800.0
2014-11-04,17.53,17.66,17.08,17.6,15.87,8642900.0
2014-11-05,17.36,18.07,17.28,17.8,16.05,6040500.0
2014-11-06,17.7,17.83,17.15,17.48,15.76,6856600.0
2014-11-07,17.3,17.84,17.3,17.7,15.96,8186600.0
2014-11-10,17.79,17.87,17.17,17.26,15.56,6166700.0
2014-11-11,17.09,17.48,16.41,16.56,14.93,14090000.0
2014-11-12,16.54,17.15,16.31,17.09,15.41,21057800.0
2014-11-13,17.2,17.34,16.78,16.97,15.3,7527000.0
2014-11-14,17.15,17.2,16.41,17.0,15.33,9844500.0
2014-11-17,17.05,17.3,16.42,16.61,14.97,11484300.0
2014-11-18,16.73,17.39,16.35,17.33,15.62,23247300.0
2014-11-19,17.33,17.64,17.15,17.6,15.87,12293200.0
2014-11-21,17.62,18.31,17.42,18.0,16.23,13062100.0
2014-11-24,18.36,18.39,17.71,17.96,16.19,9463400.0
2014-11-25,17.98,18.28,17.64,17.72,15.97,8125600.0
2014-11-26,17.97,18.17,17.73,18.08,16.3,7074900.0
2014-11-27,18.0,18.18,17.79,18.01,16.24,3789700.0
2014-11-28,17.98,18.17,17.76,17.88,16.12,6258400.0
2014-12-01,17.51,17.54,16.92,17.17,15.48,139241025.0
2014-12-02,17.29,17.7,16.99,17.12,15.43,99978001.0
2014-12-03,17.22,17.39,16.8,16.82,15.16,10677600.0
2014-12-04,16.96,17.11,16.47,16.8,15.14,21036800.0
2014-12-05,16.89,17.1,16.66,17.08,15.4,11240000.0
2014-12-08,17.13,17.15,16.36,16.65,15.01,9428600.0
2014-12-09,16.4,16.99,16.17,16.65,15.01,8501000.0
2014-12-10,16.67,16.91,16.48,16.88,15.22,7075300.0
2014-12-11,16.79,17.27,16.55,17.16,15.47,5879100.0
2014-12-12,17.1,17.1,16.21,16.7,15.05,8891700.0
2014-12-15,16.88,16.88,15.93,16.64,15.0,10116400.0
2014-12-16,16.1,16.24,15.33,15.84,14.28,18590500.0
2014-12-17,16.2,16.57,15.9,16.12,14.53,25861000.0
2014-12-18,16.42,16.42,15.66,15.75,14.2,14998100.0
2014-12-19,15.92,16.18,15.6,16.18,14.59,8717100.0
2014-12-22,16.2,16.39,15.8,16.21,14.61,4695600.0
2014-12-23,16.18,16.53,16.01,16.3,14.69,6102500.0
2014-12-26,16.37,16.68,16.26,16.63,14.99,3989100.0
2014-12-29,16.57,16.69,16.26,16.46,14.84,6821100.0
2014-12-30,16.58,16.6,15.25,15.3,13.79,25136400.0
2015-01-02,15.38,15.46,14.45,14.8,13.34,16606200.0
2015-01-05,14.5,14.65,13.7,13.72,12.37,27422800.0
2015-01-06,13.85,14.01,12.36,12.8,11.54,39434200.0
2015-01-07,12.87,12.98,11.94,12.61,11.37,52439200.0
2015-01-08,12.75,13.74,12.66,13.6,12.26,36442200.0
2015-01-09,13.5,13.5,13.02,13.28,11.97,31826400.0
2015-01-12,13.21,13.25,12.12,12.12,10.93,32575700.0
2015-01-13,12.3,13.25,11.93,12.94,11.67,45349100.0
2015-01-14,12.85,13.11,12.62,13.0,11.72,28789900.0
2015-01-15,12.95,12.95,12.21,12.6,11.36,39231100.0
2015-01-16,12.62,13.68,12.61,13.44,12.12,19830900.0
2015-01-19,13.2,13.32,12.87,13.15,11.85,8984100.0
2015-01-20,13.3,13.55,12.83,13.04,11.76,14720200.0
2015-01-21,13.19,13.7,12.95,13.63,12.29,19711600.0
2015-01-22,12.9,13.18,11.93,12.65,11.4,47863100.0
2015-01-23,12.8,13.07,12.35,12.52,11.29,18711700.0
2015-01-26,12.5,13.17,12.33,13.04,11.76,20937400.0
2015-01-27,12.91,13.25,12.74,13.15,11.85,20120500.0
2015-01-28,13.04,13.06,12.43,12.56,11.32,20044600.0
2015-01-29,12.51,12.95,12.24,12.95,11.67,17839300.0
2015-01-30,12.7,12.74,12.13,12.27,11.06,35550600.0
2015-02-02,12.3,12.56,11.97,12.19,10.99,12751100.0
2015-02-03,12.36,12.36,10.86,11.73,10.57,39922900.0
2015-02-04,11.8,12.16,11.21,11.51,10.38,28764600.0
2015-02-05,11.6,12.01,11.33,11.45,10.32,32977500.0
2015-02-06,11.33,11.46,10.12,10.18,9.18,54654300.0
2015-02-09,10.09,10.92,9.93,10.68,9.63,16298300.0
2015-02-10,10.75,11.08,10.15,10.24,9.23,34558000.0
2015-02-11,9.92,10.17,9.54,9.77,8.81,53842300.0
2015-02-12,10.4,11.43,10.06,10.98,9.9,31840100.0
2015-02-13,11.3,11.33,10.54,10.74,9.68,32833800.0
2015-02-18,10.76,11.37,10.42,10.91,9.84,11389800.0
2015-02-19,10.92,11.99,10.88,11.98,10.8,23001100.0
2015-02-20,12.05,12.11,11.52,11.67,10.52,15584400.0
2015-02-23,12.9,12.9,12.24,12.42,11.2,34742400.0
2015-02-24,12.44,12.85,12.28,12.64,11.39,16062200.0
2015-02-25,12.54,12.84,12.39,12.62,11.38,12148100.0
2015-02-26,12.9,12.9,11.35,11.5,10.37,43072200.0
2015-02-27,10.7,11.04,10.06,10.3,9.29,56550700.0
2015-03-02,10.19,10.66,9.94,10.2,9.2,15673900.0
2015-03-03,10.32,10.54,10.02,10.05,9.06,19261200.0
2015-03-04,9.96,10.24,9.72,9.88,8.91,19199500.0
2015-03-05,10.0,10.03,9.68,9.75,8.79,21894400.0
2015-03-06,9.76,10.15,9.74,9.98,9.0,10894100.0
2015-03-09,9.88,10.14,9.58,9.71,8.75,11424400.0
2015-03-10,9.62,9.79,9.21,9.21,8.3,28431700.0
2015-03-11,9.37,9.71,9.24,9.58,8.64,26578000.0
2015-03-12,9.6,10.18,9.54,10.09,9.1,17068900.0
2015-03-13,9.96,10.31,9.91,10.31,9.29,11241000.0
2015-03-16,10.35,10.46,9.96,10.04,9.05,12999900.0
2015-03-17,10.08,10.6,10.03,10.51,9.47,12930200.0
2015-03-18,10.28,11.17,10.28,11.12,10.02,17702900.0
2015-03-19,11.3,11.51,10.18,10.33,9.31,23229100.0
2015-03-20,10.55,10.87,10.18,10.46,9.43,15873700.0
2015-03-23,10.58,10.89,10.4,10.8,9.74,11894600.0
2015-03-24,10.89,10.92,10.6,10.92,9.84,17766400.0
2015-03-25,10.86,11.13,10.77,10.78,9.72,7983200.0
2015-03-26,10.67,10.67,10.02,10.02,9.03,14425300.0
2015-03-27,10.06,10.44,9.85,9.96,8.98,9362700.0
2015-03-30,9.97,10.33,9.94,10.2,9.2,8250500.0
2015-03-31,10.13,10.45,10.09,10.21,9.2,11529200.0
2015-04-01,10.43,10.6,10.34,10.6,9.56,7869500.0
2015-04-02,10.62,11.0,10.62,10.88,9.81,5174700.0
2015-04-06,11.0,11.47,10.99,11.42,10.29,6100200.0
2015-04-07,11.48,11.55,11.13,11.51,10.38,9043100.0
2015-04-08,11.67,11.89,11.57,11.81,10.65,26239800.0
2015-04-09,11.8,12.35,11.7,11.9,10.73,22791500.0
2015-04-10,12.15,12.17,11.92,11.95,10.77,9989300.0
2015-04-13,11.82,11.98,11.42,11.45,10.32,10310100.0
2015-04-14,11.59,11.64,10.84,10.86,9.79,12410500.0
2015-04-15,10.91,11.1,10.59,10.71,9.65,13084300.0
2015-04-16,10.65,10.8,10.5,10.55,9.51,15319700.0
2015-04-17,10.51,10.65,10.17,10.28,9.27,25579700.0
2015-04-20,10.32,10.58,10.2,10.58,9.54,10529800.0
2015-04-22,10.62,10.71,10.45,10.46,9.43,9066500.0
2015-04-23,10.51,11.37,10.36,11.12,10.02,8786600.0
2015-04-24,11.25,11.81,11.22,11.74,10.58,10092500.0
2015-04-27,11.76,11.88,10.82,11.14,10.04,14214400.0
2015-04-28,11.2,11.69,11.04,11.68,10.53,17210400.0
2015-04-29,11.42,11.67,11.11,11.25,10.14,13711300.0
2015-04-30,11.13,11.34,10.91,11.02,9.93,23484900.0
2015-05-04,11.1,11.27,11.05,11.12,10.02,9025700.0
2015-05-05,10.85,11.0,10.41,10.62,9.57,16413600.0
2015-05-06,10.62,10.72,10.4,10.65,9.6,25868800.0
2015-05-07,10.42,10.93,10.42,10.7,9.65,12652500.0
2015-05-08,10.91,11.23,10.88,11.04,9.95,21710700.0
2015-05-11,11.2,11.33,10.66,10.67,9.62,15854500.0
2015-05-12,10.89,11.75,10.86,11.65,10.5,29645200.0
2015-05-13,11.69,11.97,11.13,11.41,10.33,11745600.0
2015-05-14,11.22,11.92,11.21,11.83,10.71,10631200.0
2015-05-15,11.85,12.41,11.68,12.31,11.15,14197500.0
2015-05-18,12.5,12.5,11.74,11.88,10.76,29523900.0
2015-05-19,12.14,12.14,11.66,11.75,10.64,11726400.0
2015-05-20,11.96,12.41,11.78,12.0,10.87,16604000.0
2015-05-21,11.89,12.68,11.84,12.62,11.43,21927900.0
2015-05-22,12.7,13.37,12.2,12.43,11.26,31704200.0
2015-05-25,12.43,12.74,12.13,12.73,11.53,5121700.0
2015-05-26,12.47,12.56,11.96,12.23,11.08,12334700.0
2015-05-27,12.38,12.43,11.74,11.9,10.78,7698800.0
2015-05-28,11.87,11.92,11.4,11.62,10.52,9550500.0
2015-05-29,11.64,11.93,11.32,11.35,10.28,14376600.0
2015-06-01,11.36,11.7,11.26,11.46,10.38,6051900.0
2015-06-02,11.48,11.85,11.41,11.85,10.73,4266700.0
2015-06-03,11.87,11.98,11.27,11.41,10.33,10860900.0
2015-06-05,11.2,11.67,11.19,11.53,10.44,4856800.0
2015-06-08,11.6,11.83,11.52,11.6,10.51,6290700.0
2015-06-09,11.93,12.27,11.8,11.85,10.73,13787700.0
2015-06-10,12.05,12.23,11.93,12.05,10.91,9556500.0
2015-06-11,12.14,12.54,12.09,12.47,11.29,14852700.0
2015-06-12,12.33,12.64,12.31,12.4,11.23,29226100.0
2015-06-15,12.4,12.72,12.32,12.69,11.49,17821300.0
2015-06-16,12.7,12.88,12.6,12.7,11.5,13818300.0
2015-06-17,12.58,12.8,12.25,12.68,11.48,11796800.0
2015-06-18,12.66,12.68,12.34,12.43,11.26,4922300.0
2015-06-19,12.38,12.47,12.05,12.1,10.96,6168000.0
2015-06-22,12.29,12.57,12.25,12.41,11.24,6145900.0
2015-06-23,12.58,12.59,12.26,12.32,11.16,4996600.0
2015-06-24,12.35,12.89,12.33,12.85,11.64,11104400.0
2015-06-25,12.82,13.0,12.47,12.94,11.72,11744500.0
2015-06-26,12.7,12.75,11.71,12.11,10.97,27341600.0
2015-06-29,12.03,12.08,11.58,11.61,10.52,19643200.0
2015-06-30,11.76,12.0,11.73,11.9,10.78,10891300.0
2015-07-01,12.02,12.2,11.82,11.84,10.72,6161400.0
2015-07-02,12.03,12.09,11.81,11.81,10.7,15480500.0
2015-07-03,11.85,11.99,11.57,11.79,10.68,3539300.0
2015-07-06,11.9,11.9,11.5,11.7,10.6,11333900.0
2015-07-07,11.6,11.69,11.13,11.25,10.19,10012200.0
2015-07-08,11.38,11.54,11.2,11.3,10.23,6483300.0
2015-07-10,11.5,11.83,11.37,11.71,10.61,7863300.0
2015-07-13,11.75,11.99,11.75,11.84,10.72,7846800.0
2015-07-14,11.9,12.05,11.85,11.94,10.81,13248300.0
2015-07-15,12.02,12.18,11.82,12.01,10.88,24053700.0
2015-07-16,12.18,12.19,11.54,11.7,10.6,5132700.0
2015-07-17,11.73,11.76,11.2,11.28,10.22,9196300.0
2015-07-20,11.3,11.33,10.68,11.03,9.99,9952900.0
2015-07-21,11.0,11.0,10.53,10.64,9.64,7964300.0
2015-07-22,10.48,10.62,10.33,10.5,9.51,11959200.0
2015-07-23,10.36,10.45,9.76,9.84,8.91,23111100.0
2015-07-24,9.79,10.15,9.7,10.1,9.15,17252500.0
2015-07-27,10.25,10.26,9.77,9.98,9.04,18056700.0
2015-07-28,10.1,10.21,9.6,9.75,8.83,13120600.0
2015-07-29,9.6,9.81,9.5,9.68,8.77,17619500.0
2015-07-30,9.68,9.68,9.12,9.36,8.48,15157600.0
2015-07-31,9.55,9.7,9.39,9.55,8.65,13480200.0
2015-08-03,9.6,9.68,9.03,9.18,8.31,16672700.0
2015-08-04,9.19,9.32,8.96,9.05,8.2,15481500.0
2015-08-05,9.15,9.64,9.07,9.17,8.31,10282600.0
2015-08-06,9.23,9.4,8.9,8.95,8.11,10757700.0
2015-08-07,9.1,9.31,8.75,8.77,7.94,10438400.0
2015-08-10,8.86,8.95,8.46,8.82,7.99,8808600.0
2015-08-11,8.8,9.0,8.53,8.96,8.12,19284400.0
2015-08-12,9.0,9.2,8.92,9.19,8.32,24786800.0
2015-08-13,9.21,10.03,9.21,9.9,9.03,23191400.0
2015-08-14,9.92,10.08,9.62,9.72,8.86,10225700.0
2015-08-17,9.62,10.18,9.52,9.92,9.04,17585000.0
2015-08-18,9.98,10.14,9.89,9.98,9.1,15171100.0
2015-08-19,9.9,10.0,9.5,9.89,9.02,23994700.0
2015-08-20,9.73,9.77,9.37,9.57,8.73,6860100.0
2015-08-21,9.53,9.53,9.21,9.3,8.48,7540300.0
2015-08-24,8.73,9.53,8.47,9.06,8.26,13717700.0
2015-08-25,9.23,9.3,8.64,8.68,7.91,13069200.0
2015-08-26,8.87,8.87,8.5,8.52,7.77,12360100.0
2015-08-27,8.64,9.2,8.55,9.2,8.39,13976300.0
2015-08-28,9.0,9.1,8.71,8.84,8.06,10378700.0
2015-08-31,8.65,8.73,8.5,8.68,7.91,9796500.0
2015-09-01,8.44,8.84,8.35,8.58,7.82,11407400.0
2015-09-02,8.74,8.8,8.51,8.63,7.87,6804600.0
2015-09-03,8.71,8.74,8.45,8.52,7.77,11234000.0
2015-09-04,8.44,8.55,8.1,8.35,7.61,18082300.0
2015-09-08,8.49,8.6,8.38,8.45,7.7,5937100.0
2015-09-09,8.54,8.8,8.48,8.61,7.85,19537100.0
2015-09-10,8.26,8.68,8.25,8.55,7.8,13245900.0
2015-09-11,8.6,8.7,8.31,8.61,7.85,7449100.0
2015-09-14,8.75,8.83,8.46,8.76,7.99,9532400.0
2015-09-15,8.85,8.9,8.55,8.58,7.82,15459100.0
2015-09-16,8.63,8.8,8.63,8.7,7.93,14164400.0
2015-09-17,8.7,9.3,8.63,9.18,8.37,11543500.0
2015-09-18,9.14,9.14,8.59,8.61,7.85,9767500.0
2015-09-21,8.65,8.71,8.2,8.3,7.57,6720000.0
2015-09-22,7.3,7.68,7.27,7.64,6.97,72481600.0
2015-09-23,7.67,8.11,7.64,7.78,7.09,18799600.0
2015-09-24,7.65,7.7,7.44,7.66,6.98,11104500.0
2015-09-25,7.77,7.9,7.56,7.6,6.93,4049700.0
2015-09-28,7.55,7.56,7.32,7.41,6.76,5972600.0
2015-09-29,7.41,7.83,7.41,7.65,6.98,10893200.0
2015-09-30,7.9,8.04,7.62,7.71,7.03,14608900.0
2015-10-01,7.8,7.92,7.73,7.73,7.05,26506700.0
2015-10-02,7.78,8.53,7.76,8.53,7.78,13183000.0
2015-10-05,8.7,8.83,8.55,8.81,8.03,7867100.0
2015-10-06,8.74,9.0,8.7,8.96,8.17,6064800.0
2015-10-07,9.21,9.55,9.02,9.43,8.6,12049500.0
2015-10-08,9.33,9.72,9.18,9.53,8.69,13429400.0
2015-10-09,9.74,9.86,9.54,9.86,8.99,10327800.0
2015-10-13,9.75,9.75,9.02,9.05,8.25,11403200.0
2015-10-14,9.05,9.29,8.89,8.9,8.11,23725800.0
2015-10-15,9.17,10.02,9.17,9.93,9.05,21583900.0
2015-10-16,9.93,10.09,9.61,10.0,9.12,16261900.0
2015-10-19,10.04,10.37,9.7,10.37,9.46,16540500.0
2015-10-20,10.49,10.95,10.12,10.44,9.52,15599800.0
2015-10-21,10.4,10.56,10.01,10.38,9.46,8384300.0
2015-10-22,10.5,10.5,10.13,10.21,9.31,6202400.0
2015-10-23,10.5,10.62,10.16,10.18,9.28,5373700.0
2015-10-26,10.25,10.25,9.89,10.03,9.15,5888400.0
2015-10-27,10.03,10.43,9.94,10.35,9.44,35788600.0
2015-10-28,10.22,10.37,10.22,10.36,9.45,799800.0
2015-10-29,10.0,10.24,9.6,9.68,8.83,7212100.0
2015-10-30,9.7,10.0,9.61,9.86,8.99,7466200.0
2015-11-03,10.04,10.75,10.04,10.75,9.8,16431400.0
2015-11-04,10.77,11.05,10.22,10.22,9.32,11119600.0
2015-11-05,10.26,10.7,10.25,10.61,9.67,9590700.0
2015-11-06,10.49,10.6,10.03,10.2,9.3,7546100.0
2015-11-09,10.25,10.47,10.13,10.13,9.24,7337900.0
2015-11-10,10.22,10.23,9.95,10.01,9.13,5658200.0
2015-11-11,10.18,10.77,10.13,10.6,9.66,9786700.0
2015-11-12,10.69,11.5,10.43,10.57,9.64,26403000.0
2015-11-13,10.55,10.63,10.16,10.24,9.38,14885900.0
2015-11-16,10.22,10.38,10.04,10.24,9.38,16970100.0
2015-11-17,10.38,10.62,10.33,10.57,9.68,9538500.0
2015-11-18,10.53,10.75,10.37,10.6,9.71,7056600.0
2015-11-19,10.75,10.89,10.62,10.69,9.79,15580800.0
2015-11-23,10.77,10.85,10.53,10.67,9.77,4626000.0
2015-11-24,10.65,10.74,10.33,10.59,9.7,4957500.0
2015-11-25,10.42,10.71,10.25,10.39,9.51,10521400.0
2015-11-26,10.39,10.4,9.45,9.5,8.7,20282500.0
2015-11-27,9.6,9.63,9.1,9.3,8.52,15770800.0
2015-11-30,9.21,9.63,8.97,9.25,8.47,14992100.0
2015-12-01,9.36,9.74,9.27,9.74,8.92,17693700.0
2015-12-02,9.71,9.94,9.56,9.78,8.96,11673500.0
2015-12-03,10.06,10.6,9.99,10.6,9.71,24331000.0
2015-12-04,10.5,10.51,9.98,10.34,9.47,14512900.0
2015-12-07,10.45,10.81,10.27,10.46,9.58,11155800.0
2015-12-08,10.4,10.6,10.11,10.52,9.63,9181200.0
2015-12-09,10.67,11.04,10.63,10.74,9.84,14362600.0
2015-12-10,10.79,10.79,10.37,10.46,9.58,10756700.0
2015-12-11,10.39,10.65,10.3,10.39,9.51,7525900.0
2015-12-14,10.31,10.41,10.06,10.25,9.39,6528100.0
2015-12-15,10.31,10.43,10.15,10.25,9.39,4374500.0
2015-12-16,10.2,10.39,10.12,10.3,9.43,9499900.0
2015-12-17,10.5,10.75,10.47,10.59,9.7,9511900.0
2015-12-18,10.26,10.31,9.72,9.72,8.9,17363200.0
2015-12-21,9.75,10.06,9.67,10.0,9.16,17669300.0
2015-12-22,10.06,10.15,9.83,9.91,9.08,11484900.0
2015-12-23,10.0,10.12,9.68,9.82,8.99,5064500.0
2015-12-28,9.88,10.07,9.8,9.87,9.04,5043900.0
2015-12-29,9.88,10.1,9.87,9.92,9.08,3467300.0
2015-12-30,9.97,9.97,9.4,9.53,8.73,7418000.0
2016-01-04,9.53,9.59,9.13,9.42,8.63,6564200.0
2016-01-05,9.45,9.66,9.15,9.2,8.42,10179800.0
2016-01-06,9.13,9.54,8.78,9.37,8.58,41927800.0
2016-01-07,9.45,9.47,9.2,9.27,8.49,28553400.0
2016-01-08,9.25,9.31,8.1,8.75,8.01,26915100.0
2016-01-11,8.8,8.88,8.55,8.7,7.97,23446100.0
2016-01-12,8.7,8.84,8.28,8.42,7.71,10252800.0
2016-01-13,8.45,8.7,8.17,8.17,7.48,12202200.0
2016-01-14,8.21,8.59,8.17,8.59,7.87,7243300.0
2016-01-15,8.4,8.58,8.2,8.52,7.8,6245200.0
2016-01-18,8.47,8.6,8.27,8.29,7.59,4139100.0
2016-01-19,8.54,8.58,8.28,8.34,7.64,4377500.0
2016-01-20,8.25,8.35,7.88,8.2,7.51,6016600.0
2016-01-21,8.13,8.28,7.98,8.05,7.37,7498300.0
2016-01-22,8.11,8.15,7.65,7.74,7.09,15097900.0
2016-01-26,7.69,8.04,7.43,8.0,7.33,13161100.0
2016-01-27,8.02,8.14,7.74,7.85,7.19,7489800.0
2016-01-28,7.9,8.04,7.57,7.83,7.17,8323700.0
2016-01-29,7.97,8.54,7.86,8.5,7.78,10568100.0
2016-02-01,8.4,8.94,8.32,8.91,8.16,14245500.0
2016-02-02,8.79,8.96,8.57,8.63,7.9,7815500.0
2016-02-03,8.8,8.87,8.38,8.68,7.95,6718500.0
2016-02-04,9.05,9.39,8.98,9.3,8.52,15415200.0
2016-02-05,9.29,9.57,9.23,9.43,8.64,8673600.0
2016-02-10,9.3,9.4,9.05,9.31,8.53,6901700.0
2016-02-11,9.05,9.13,8.83,9.08,8.32,13040500.0
2016-02-12,9.18,9.65,8.97,9.52,8.72,9390600.0
2016-02-15,9.76,9.76,9.49,9.64,8.83,5177300.0
2016-02-16,9.65,9.8,9.46,9.55,8.75,6996100.0
2016-02-17,9.6,10.02,9.49,9.9,9.07,17347400.0
2016-02-18,9.85,10.0,9.69,9.82,8.99,7675400.0
2016-02-19,9.71,9.74,9.46,9.53,8.73,13974000.0
2016-02-22,9.94,9.94,9.54,9.54,8.74,14118200.0
2016-02-23,9.57,9.66,9.33,9.43,8.64,24768600.0
2016-02-24,9.28,9.33,9.05,9.2,8.42,9304500.0
2016-02-25,9.1,9.25,8.97,9.11,8.34,8107900.0
2016-02-26,9.21,9.58,9.05,9.46,8.66,17714800.0
2016-02-29,9.61,10.12,9.42,9.97,9.13,9012400.0
2016-03-01,10.2,10.26,10.07,10.15,9.29,9398000.0
2016-03-02,10.2,10.25,9.84,9.94,9.1,8118200.0
2016-03-03,10.09,10.82,10.0,10.73,9.83,30859800.0
2016-03-04,11.6,11.6,10.68,11.04,10.11,18568800.0
2016-03-07,11.05,11.43,10.78,11.38,10.42,15783800.0
2016-03-08,11.37,11.6,11.12,11.22,10.27,19057400.0
2016-03-09,11.33,11.58,11.07,11.29,10.34,11987900.0
2016-03-10,11.5,11.92,10.85,11.55,10.58,10853700.0
2016-03-11,11.51,11.89,11.13,11.64,10.66,19649100.0
2016-03-14,11.83,11.83,10.8,11.15,10.21,18055400.0
2016-03-15,11.07,11.12,10.6,10.79,9.88,16361500.0
2016-03-16,10.6,10.64,10.33,10.51,9.66,14346900.0
2016-03-17,11.2,11.5,10.86,10.87,9.99,29478700.0
2016-03-18,11.07,11.13,10.78,10.89,10.01,21723200.0
2016-03-21,10.91,11.05,10.82,10.82,9.95,10642300.0
2016-03-22,10.87,11.6,10.87,11.4,10.48,18199000.0
2016-03-23,11.37,11.46,11.19,11.4,10.48,6751800.0
2016-03-24,11.27,11.84,11.11,11.72,10.78,19953200.0
2016-03-28,11.97,11.98,11.14,11.19,10.29,10538900.0
2016-03-29,11.19,11.65,11.1,11.35,10.44,9016300.0
2016-03-30,11.47,12.05,11.45,11.59,10.66,13080200.0
2016-03-31,11.48,11.48,11.48,11.48,10.56,8900.0
2016-04-01,11.82,11.82,11.82,11.82,10.87,3300.0
2016-04-04,11.52,11.52,11.52,11.52,10.59,24100.0
2016-04-05,11.59,11.59,11.59,11.59,10.66,14300.0
2016-04-06,11.69,11.69,11.69,11.69,10.75,12500.0
2016-04-07,11.58,11.58,11.58,11.58,10.65,2400.0
2016-04-08,11.94,12.15,11.75,11.91,10.95,8497800.0
2016-04-11,11.45,11.45,11.45,11.45,10.53,17000.0
2016-04-12,11.87,11.87,11.87,11.87,10.91,22500.0
2016-04-13,12.09,12.09,12.09,12.09,11.12,100500.0
2016-04-14,12.17,12.32,11.88,11.88,10.92,6121600.0
2016-04-15,12.02,12.44,11.94,12.15,11.17,5840300.0
2016-04-18,12.16,12.32,12.0,12.24,11.25,6650800.0
2016-04-19,12.44,12.44,12.44,12.44,11.44,4200.0
2016-04-20,12.41,12.67,12.32,12.49,11.48,12877500.0
2016-04-22,12.22,12.49,11.86,11.9,10.94,14188500.0
2016-04-25,11.94,12.03,11.7,11.91,10.95,4028000.0
2016-04-26,12.02,12.39,11.92,12.32,11.33,5857500.0
2016-04-27,12.39,12.65,12.19,12.6,11.59,9444400.0
2016-04-28,12.7,12.78,12.29,12.71,11.69,9536100.0
2016-04-29,12.72,13.04,12.65,12.8,11.77,14039400.0
2016-05-02,12.7,13.2,12.54,13.0,11.95,5753000.0
2016-05-03,12.88,13.1,12.55,12.55,11.54,13142000.0
2016-05-04,12.55,12.55,12.05,12.38,11.38,4901000.0
2016-05-05,12.41,12.48,11.67,11.76,10.81,7288400.0
2016-05-06,11.77,12.14,11.45,11.79,10.84,6393500.0
2016-05-09,11.75,12.2,11.61,11.95,10.99,7322800.0
2016-05-10,12.03,12.48,12.03,12.47,11.47,9526200.0
2016-05-11,12.62,12.75,11.91,12.0,11.03,9796100.0
2016-05-12,12.45,12.46,11.9,12.28,11.29,9397100.0
2016-05-13,12.15,12.34,11.32,11.64,10.81,15220300.0
2016-05-16,11.35,11.88,11.35,11.57,10.75,7550600.0
2016-05-17,11.57,11.75,10.98,11.1,10.31,7391400.0
2016-05-18,10.9,11.65,10.78,11.37,10.56,7726300.0
2016-05-19,11.16,11.76,11.14,11.65,10.82,4577600.0
2016-05-20,11.58,11.67,11.16,11.37,10.56,6853500.0
2016-05-23,10.7,11.17,10.44,10.96,10.18,17873900.0
2016-05-24,11.05,11.42,11.02,11.32,10.51,5004300.0
2016-05-25,11.31,11.76,10.85,10.89,10.11,7477900.0
2016-05-27,10.95,11.22,10.9,10.96,10.18,7034600.0
2016-05-30,11.0,11.07,10.88,10.93,10.15,1495400.0
2016-05-31,10.92,11.28,10.82,11.08,10.29,17900600.0
2016-06-01,11.01,11.21,10.97,11.21,10.41,7468900.0
2016-06-02,12.31,13.0,12.1,12.73,11.82,34014800.0
2016-06-03,13.0,13.05,12.63,12.98,12.06,14489200.0
2016-06-06,13.03,13.03,12.26,12.7,11.8,15309000.0
2016-06-07,12.55,12.98,12.15,12.85,11.93,11297800.0
2016-06-08,12.95,13.45,12.79,13.35,12.4,10184000.0
2016-06-09,13.27,13.6,13.22,13.5,12.54,8029800.0
2016-06-10,13.49,13.49,13.01,13.1,12.17,11322000.0
2016-06-13,12.68,13.14,12.67,13.1,12.17,7203700.0
2016-06-14,13.0,13.18,12.51,13.08,12.15,10924400.0
2016-06-15,12.99,13.05,12.53,12.8,11.89,13575100.0
2016-06-16,12.6,12.97,12.12,12.91,11.99,16299200.0
2016-06-17,12.85,13.32,12.59,12.74,11.83,22596700.0
2016-06-20,12.92,13.14,12.87,13.13,12.19,9337200.0
2016-06-21,13.16,13.79,13.15,13.79,12.81,20131800.0
2016-06-22,13.44,13.76,13.2,13.35,12.4,16484200.0
2016-06-23,13.37,13.95,13.36,13.88,12.89,12455500.0
2016-06-24,13.5,13.93,13.27,13.92,12.93,14880600.0
2016-06-27,13.8,13.95,13.35,13.74,12.76,16206300.0
2016-06-28,13.87,14.1,13.36,13.49,12.53,6631800.0
2016-06-29,13.52,13.84,13.46,13.68,12.71,10154100.0
2016-06-30,13.61,13.68,13.44,13.6,12.63,16393800.0
2016-07-01,14.13,14.38,13.98,14.3,13.28,23935700.0
2016-07-04,14.4,14.5,13.98,14.08,13.08,4436100.0
2016-07-05,13.93,14.13,13.76,13.85,12.86,4578300.0
2016-07-06,13.9,13.95,13.2,13.57,12.6,5573700.0
2016-07-07,13.7,13.8,13.39,13.56,12.59,4174100.0
2016-07-08,13.63,14.18,13.63,14.12,13.11,7195200.0
2016-07-11,14.25,14.48,13.68,14.12,13.11,8820800.0
2016-07-12,14.12,14.72,13.92,14.63,13.59,9113200.0
2016-07-13,14.52,15.08,14.5,15.03,13.96,10374200.0
2016-07-14,15.2,15.59,15.02,15.45,14.35,8175600.0
2016-07-15,15.05,16.2,14.81,15.64,14.53,14296600.0
2016-07-18,15.3,15.93,15.25,15.8,14.67,11289700.0
2016-07-19,15.55,15.94,15.49,15.74,14.62,8792100.0
2016-07-20,15.68,15.7,14.68,14.95,13.89,8561300.0
2016-07-21,15.0,15.26,14.79,14.88,13.82,7425700.0
2016-07-22,14.9,15.13,14.82,15.08,14.01,6663100.0
2016-07-25,15.1,15.14,14.5,14.81,13.76,7328300.0
2016-07-26,14.82,14.98,14.54,14.55,13.51,8818300.0
2016-07-27,14.65,14.79,14.19,14.27,13.25,8816400.0
2016-07-28,14.14,14.72,14.14,14.67,13.63,5957400.0
2016-07-29,14.67,14.78,14.36,14.44,13.41,7617900.0
2016-08-01,14.5,14.81,14.45,14.77,13.72,7906700.0
2016-08-02,14.57,14.85,14.03,14.57,13.53,5308600.0
2016-08-03,14.63,14.63,14.15,14.45,13.42,6282600.0
2016-08-04,14.53,14.55,13.91,14.31,13.29,7893000.0
2016-08-05,14.44,14.45,14.07,14.42,13.39,5365500.0
2016-08-08,14.4,14.8,14.1,14.76,13.71,32447500.0
2016-08-09,14.9,15.03,14.68,14.88,13.82,7131200.0
2016-08-10,14.97,15.25,14.81,15.15,14.07,11119700.0
2016-08-11,14.9,15.41,14.88,15.28,14.19,8851300.0
2016-08-12,15.35,15.57,14.61,14.85,13.79,13259800.0
2016-08-15,14.8,15.09,14.55,14.78,13.73,6638300.0
2016-08-16,14.55,14.84,14.33,14.45,13.42,7549900.0
2016-08-17,14.31,14.67,14.15,14.52,13.49,5760800.0
2016-08-18,14.6,14.69,14.01,14.32,13.4,10088000.0
2016-08-19,14.33,14.49,14.11,14.26,13.34,6021100.0
2016-08-22,14.28,14.76,13.95,14.13,13.22,7233400.0
2016-08-23,14.13,14.38,13.95,14.04,13.14,4000200.0
2016-08-24,13.9,14.28,13.76,14.0,13.1,2833100.0
2016-08-25,14.0,14.02,13.71,13.9,13.01,7996900.0
2016-08-26,13.97,14.34,13.8,14.03,13.13,7588100.0
2016-08-29,14.08,14.5,13.96,14.38,13.45,4451600.0
2016-08-30,14.46,14.46,13.83,13.85,12.96,5799200.0
2016-08-31,13.9,14.13,13.6,13.8,12.91,5737600.0
2016-09-01,13.89,14.2,13.64,14.03,13.13,5180600.0
2016-09-02,14.2,14.2,13.7,13.89,13.0,7559400.0
2016-09-05,13.81,14.06,13.8,13.97,13.07,2684000.0
2016-09-06,14.05,14.59,13.9,14.54,13.6,8137500.0
2016-09-08,14.56,15.39,14.48,15.34,14.35,14469100.0
2016-09-09,15.1,15.25,14.85,15.0,14.03,9128500.0
2016-09-12,14.8,15.35,14.66,15.2,14.22,7211100.0
2016-09-13,14.94,15.13,14.36,14.85,13.89,8948100.0
2016-09-14,14.7,14.8,14.29,14.64,13.7,5873400.0
2016-09-15,14.7,15.12,14.65,15.02,14.05,5028700.0
2016-09-16,15.0,15.2,14.73,15.2,14.22,11437700.0
2016-09-19,15.25,15.54,14.96,15.1,14.13,6976600.0
2016-09-20,15.27,15.37,14.99,15.1,14.13,3390800.0
2016-09-21,15.15,15.37,14.93,15.25,14.27,5730600.0
2016-09-22,15.4,15.9,15.4,15.62,14.61,7009200.0
2016-09-23,15.73,15.74,14.68,14.86,13.9,6978300.0
2016-09-26,14.78,15.03,14.57,15.03,14.06,8964400.0
2016-09-27,15.01,15.39,14.98,15.28,14.3,5122500.0
2016-09-28,15.3,15.79,15.21,15.46,14.47,8100600.0
2016-09-29,15.33,15.69,15.05,15.06,14.09,7266600.0
2016-09-30,15.13,15.19,14.79,14.79,13.84,4568400.0
2016-10-03,14.79,15.28,14.68,15.19,14.21,4435900.0
2016-10-04,15.04,15.29,15.0,15.28,14.3,6861900.0
2016-10-05,15.29,15.75,15.13,15.65,14.64,5017500.0
2016-10-06,15.65,15.87,15.43,15.87,14.85,6328900.0
2016-10-07,15.87,15.9,15.47,15.7,14.69,9304100.0
2016-10-10,15.9,16.05,15.74,16.0,14.97,6983100.0
2016-10-11,16.0,16.04,15.63,15.95,14.92,11634600.0
2016-10-13,15.89,15.99,15.47,15.55,14.55,12425500.0
2016-10-14,15.69,15.9,15.67,15.78,14.76,8331700.0
2016-10-17,15.72,15.96,15.61,15.9,14.88,4867400.0
2016-10-18,15.91,16.68,15.91,16.58,15.51,9621900.0
2016-10-19,16.82,17.08,16.7,16.9,15.81,25795900.0
2016-10-20,16.85,16.85,16.32,16.5,15.44,9356100.0
2016-10-21,16.4,16.59,16.24,16.55,15.48,4791300.0
2016-10-24,16.59,16.9,16.11,16.16,15.12,12849600.0
2016-10-25,16.25,16.32,15.31,15.83,14.81,18792300.0
2016-10-26,16.0,16.0,15.66,15.73,14.72,7816800.0
2016-10-27,15.82,15.99,15.65,15.7,14.69,6885300.0
2016-10-28,15.73,15.92,15.3,15.58,14.58,7068500.0
2016-10-31,15.58,16.06,15.56,15.9,14.88,10504200.0
2016-11-01,16.01,16.2,15.39,15.51,14.51,16435500.0
2016-11-03,15.34,15.85,15.03,15.04,14.07,8832400.0
2016-11-04,15.2,15.38,14.79,14.81,13.86,5244600.0
2016-11-07,15.1,15.6,15.0,15.5,14.5,6606600.0
2016-11-08,15.5,15.83,15.2,15.83,14.81,5761000.0
2016-11-09,15.23,15.54,14.85,15.11,14.14,7611500.0
2016-11-10,14.84,15.06,13.8,13.8,12.91,17325900.0
2016-11-11,13.65,14.38,13.65,13.87,12.98,12407500.0
2016-11-14,13.67,14.67,13.67,14.5,13.57,10044000.0
2016-11-16,14.36,14.76,14.16,14.76,13.81,10501900.0
2016-11-17,14.85,14.9,14.2,14.23,13.38,5952200.0
2016-11-18,14.07,14.48,13.85,13.85,13.03,8739600.0
2016-11-21,13.93,14.62,13.88,14.4,13.54,5466900.0
2016-11-22,14.6,15.3,14.53,15.2,14.29,10748400.0
2016-11-23,15.3,15.3,14.43,14.72,13.84,6246700.0
2016-11-24,14.72,14.72,14.33,14.46,13.6,1907300.0
2016-11-25,14.15,14.33,13.97,14.07,13.23,6288800.0
2016-11-28,13.98,14.95,13.97,14.8,13.92,4217400.0
2016-11-29,14.74,14.97,13.95,13.95,13.12,5330200.0
2016-11-30,14.25,14.57,14.1,14.45,13.59,7741300.0
2016-12-01,13.97,14.2,13.54,14.0,13.17,14208600.0
2016-12-02,13.66,14.09,13.66,14.0,13.17,5100900.0
2016-12-05,14.05,14.15,13.76,13.81,12.99,5290100.0
2016-12-06,13.7,14.35,13.63,14.23,13.38,7591100.0
2016-12-07,14.49,14.57,14.01,14.05,13.21,11847900.0
2016-12-08,14.15,14.26,13.52,13.66,12.85,6192900.0
2016-12-09,13.72,13.77,12.97,13.04,12.26,13806200.0
2016-12-12,12.9,13.11,12.4,12.4,11.66,14935800.0
2016-12-13,12.38,13.17,12.38,13.1,12.32,14747400.0
2016-12-14,13.0,13.18,12.2,12.2,11.47,20408700.0
2016-12-15,12.25,12.33,11.92,12.2,11.47,20793900.0
2016-12-16,12.31,12.43,12.12,12.12,11.4,15591100.0
2016-12-19,12.12,12.39,12.12,12.22,11.49,30203200.0
2016-12-20,12.4,12.55,12.17,12.28,11.55,6856300.0
2016-12-21,12.35,12.35,12.35,12.35,11.61,5736800.0
2016-12-22,12.3,12.9,12.21,12.9,12.13,12677800.0
2016-12-23,12.9,13.12,12.8,13.03,12.25,5100100.0
2016-12-26,13.03,13.26,13.0,13.23,12.44,1256800.0
2016-12-27,13.27,13.31,12.96,13.15,12.37,3545400.0
2016-12-28,13.14,13.27,12.94,13.27,12.48,3622100.0
2016-12-29,13.3,13.33,12.95,13.33,12.54,4741200.0
2017-01-02,13.2,13.3,13.08,13.3,12.51,2251300.0
2017-01-03,13.33,13.96,13.25,13.96,13.13,7067800.0
2017-01-04,13.79,14.09,13.6,13.88,13.05,5852700.0
2017-01-05,13.83,13.96,13.56,13.7,12.88,3851600.0
2017-01-06,13.7,13.7,13.34,13.6,12.79,6398600.0
2017-01-09,13.65,13.68,13.31,13.51,12.71,4209300.0
2017-01-10,13.6,13.65,13.36,13.39,12.59,11614500.0
2017-01-11,13.43,13.54,12.93,13.18,12.4,6977500.0
2017-01-12,13.39,14.21,13.39,13.73,12.91,16629100.0
2017-01-13,13.94,14.06,13.71,14.03,13.19,5223700.0
2017-01-16,14.04,14.21,13.91,14.1,13.26,3812600.0
2017-01-17,14.13,14.96,13.98,14.67,13.8,9168700.0
2017-01-18,14.57,14.61,13.98,14.29,13.44,6281200.0
2017-01-19,14.27,14.46,14.0,14.05,13.21,8230200.0
2017-01-20,14.07,14.25,13.94,14.18,13.34,6448400.0
2017-01-23,13.85,13.95,13.46,13.55,12.74,14176700.0
2017-01-24,13.58,14.05,13.47,13.93,13.1,6866300.0
2017-01-26,14.02,14.34,13.93,14.0,13.17,11756400.0
2017-01-27,14.0,14.4,13.8,14.29,13.44,22646800.0
2017-01-30,14.15,14.2,13.64,13.9,13.07,5760500.0
2017-01-31,13.86,13.99,13.47,13.51,12.71,6223200.0
2017-02-01,13.7,13.7,13.05,13.37,12.57,13050200.0
2017-02-02,13.37,13.93,13.3,13.75,12.93,11552200.0
2017-02-03,13.62,13.94,13.03,13.37,12.57,13612000.0
2017-02-06,13.4,13.45,12.82,13.09,12.31,14020000.0
2017-02-07,12.94,13.14,12.8,12.89,12.12,14064200.0
2017-02-08,13.0,13.06,12.5,12.55,11.8,8411200.0
2017-02-09,12.63,12.98,12.43,12.9,12.13,8708600.0
2017-02-10,12.81,13.2,12.75,13.08,12.3,7996000.0
2017-02-13,13.08,13.24,12.98,13.1,12.32,9006800.0
2017-02-14,13.2,13.42,13.03,13.36,12.56,5983100.0
2017-02-15,13.4,13.62,13.32,13.6,12.79,9241100.0
2017-02-16,13.48,13.8,13.48,13.55,12.74,7540400.0
2017-02-17,13.58,14.1,13.43,14.04,13.2,13328500.0
2017-02-20,14.05,14.22,13.83,14.04,13.2,3412500.0
2017-02-21,14.01,14.22,13.97,14.2,13.35,6468800.0
2017-02-22,14.06,14.1,13.31,13.78,12.96,14405400.0
2017-02-23,13.9,14.04,13.65,13.8,12.98,9274900.0
2017-02-24,13.6,13.81,13.46,13.67,12.86,6374700.0
2017-03-01,13.67,13.76,13.51,13.65,12.84,5713500.0
2017-03-02,13.71,13.81,13.44,13.67,12.86,5053000.0
2017-03-03,13.79,13.83,13.4,13.6,12.79,4074800.0
2017-03-06,13.6,13.65,13.16,13.4,12.6,22501100.0
2017-03-07,13.54,13.66,13.33,13.48,12.68,6029000.0
2017-03-08,13.61,13.64,12.97,13.25,12.46,7974400.0
2017-03-09,13.29,13.29,12.85,12.95,12.18,6636000.0
2017-03-10,13.02,13.58,13.01,13.4,12.6,16535100.0
2017-03-13,13.41,13.56,13.17,13.35,12.56,3824800.0
2017-03-14,13.26,13.37,13.05,13.19,12.4,4318300.0
2017-03-15,13.21,13.95,13.13,13.85,13.03,9399700.0
2017-03-16,13.79,14.09,13.79,13.91,13.08,4053200.0
2017-03-17,13.63,13.72,13.3,13.4,12.6,12447400.0
2017-03-20,13.35,13.7,13.35,13.65,12.84,6246200.0
2017-03-21,13.58,13.59,13.1,13.19,12.4,11640100.0
2017-03-22,13.19,13.19,12.68,12.95,12.18,12416200.0
2017-03-23,12.84,13.1,12.75,12.82,12.06,7963700.0
2017-03-24,12.82,12.98,12.75,12.93,12.16,9432800.0
2017-03-27,12.94,12.97,12.78,12.9,12.13,7635800.0
2017-03-28,12.89,13.4,12.79,13.2,12.41,13765100.0
2017-03-29,13.26,13.37,13.1,13.22,12.51,6195400.0
2017-03-30,13.3,13.3,13.06,13.2,12.49,5293700.0
2017-03-31,13.07,13.35,12.95,13.28,12.56,5909200.0
2017-04-03,13.24,13.57,13.18,13.27,12.55,6810700.0
2017-04-04,13.2,13.5,13.17,13.2,12.49,8992800.0
2017-04-05,13.34,13.75,13.3,13.3,12.58,6335500.0
2017-04-06,13.33,14.07,13.24,13.73,12.99,8821400.0
2017-04-07,13.8,13.93,13.57,13.61,12.87,6064900.0
2017-04-10,13.62,13.95,13.61,13.78,13.04,8499000.0
2017-04-11,13.68,14.03,13.36,13.66,12.92,7074500.0
2017-04-12,13.65,14.0,13.59,13.75,13.01,16406300.0
2017-04-13,13.6,14.16,13.49,13.53,12.8,10234500.0
2017-04-17,13.56,14.2,13.55,14.06,13.3,9739800.0
2017-04-18,13.93,14.18,13.92,14.15,13.39,6090800.0
2017-04-19,14.22,14.3,13.95,14.03,13.27,4356500.0
2017-04-20,14.05,14.29,14.05,14.25,13.48,4351400.0
2017-04-24,14.38,14.53,14.32,14.32,13.55,6414000.0
2017-04-25,14.39,14.81,14.3,14.7,13.91,13398000.0
2017-04-26,14.76,14.97,14.61,14.82,14.02,9591300.0
2017-04-27,14.78,14.86,14.56,14.77,13.97,6777700.0
2017-04-28,14.65,15.03,14.61,14.95,14.14,5134900.0
2017-05-02,14.8,15.46,14.8,15.31,14.48,10345000.0
2017-05-03,15.25,15.68,15.25,15.49,14.65,11663500.0
2017-05-04,15.25,15.47,15.07,15.3,14.47,9781900.0
2017-05-05,15.29,15.66,15.19,15.48,14.64,6089300.0
2017-05-08,15.45,15.6,15.1,15.25,14.43,5652800.0
2017-05-09,15.41,15.58,15.22,15.49,14.65,5233200.0
2017-05-10,15.58,16.0,15.51,15.94,15.08,10795000.0
2017-05-11,15.89,16.0,15.54,15.7,14.85,8597500.0
2017-05-12,15.8,16.0,15.78,15.78,14.93,8078900.0
2017-05-15,15.86,15.99,15.7,15.72,14.87,6683600.0
2017-05-16,15.79,15.99,15.7,15.92,15.06,9263800.0
2017-05-17,15.8,16.02,15.8,15.9,15.04,7479800.0
2017-05-18,13.52,14.98,13.5,14.59,13.8,26014600.0
2017-05-19,14.32,15.24,14.2,14.85,14.16,17989200.0
2017-05-22,14.56,14.85,14.43,14.72,14.04,13075300.0
2017-05-23,14.72,15.15,14.6,14.81,14.12,9874500.0
2017-05-24,15.03,15.12,14.81,14.91,14.22,11899500.0
2017-05-25,14.92,15.0,14.74,14.87,14.18,7991100.0
2017-05-26,14.9,15.14,14.81,15.0,14.3,8022400.0
2017-05-29,15.0,15.0,15.0,15.0,14.3,
2017-05-30,14.5,14.87,14.48,14.78,14.09,6753900.0
2017-05-31,14.7,14.94,14.38,14.5,13.83,12180000.0
2017-06-01,14.5,14.62,14.22,14.35,13.68,9723200.0
2017-06-02,14.43,14.53,14.1,14.1,13.44,6628100.0
2017-06-05,13.99,14.18,13.44,13.65,13.02,21812900.0
2017-06-06,13.7,14.0,13.5,13.98,13.33,14245200.0
2017-06-07,14.0,14.59,13.99,14.49,13.82,9253200.0
2017-06-08,14.43,14.47,14.14,14.31,13.65,5853900.0
2017-06-09,14.35,14.51,14.23,14.41,13.74,8342200.0
2017-06-12,14.49,14.63,14.22,14.39,13.72,4462300.0
2017-06-13,14.49,14.5,14.05,14.22,13.56,8313000.0
2017-06-14,14.36,14.55,14.01,14.33,13.66,10702000.0
2017-06-15,14.33,14.33,14.33,14.33,13.66,
2017-06-16,14.25,14.3,14.1,14.25,13.59,6627200.0
2017-06-19,14.3,14.54,14.2,14.41,13.74,6972200.0
2017-06-20,14.36,14.36,13.85,13.85,13.21,15110800.0
2017-06-21,13.85,13.97,13.17,13.36,12.74,14872600.0
2017-06-22,13.47,13.79,13.3,13.67,13.03,8222400.0
2017-06-23,13.75,14.06,13.32,14.03,13.38,15514300.0
2017-06-26,14.09,14.2,13.77,13.83,13.19,4440100.0
2017-06-27,13.81,13.81,13.29,13.4,12.78,10197000.0
2017-06-28,13.15,14.24,13.15,14.16,13.5,17439300.0
2017-06-29,14.06,14.63,13.93,14.5,13.83,46301100.0
2017-06-30,14.49,14.87,14.47,14.87,14.18,18572900.0
2017-07-03,15.0,15.0,14.7,14.94,14.25,8413500.0
2017-07-04,14.88,15.28,14.82,15.0,14.3,3795700.0
2017-07-05,14.97,15.1,14.64,15.0,14.3,49523500.0
2017-07-06,14.96,15.0,14.69,14.75,14.06,5922900.0
2017-07-07,14.79,14.98,14.67,14.75,14.06,19650500.0
2017-07-10,14.88,15.11,14.8,14.93,14.24,5583100.0
2017-07-11,14.87,14.98,14.7,14.88,14.19,5217300.0
2017-07-12,14.82,15.15,14.81,15.02,14.32,23636000.0
2017-07-13,15.03,15.3,15.03,15.25,14.54,12543200.0
2017-07-14,15.33,15.57,15.33,15.5,14.78,10800500.0
2017-07-17,15.5,15.53,15.2,15.35,14.64,13277000.0
2017-07-18,15.29,15.45,15.27,15.39,14.67,7514700.0
2017-07-19,15.37,15.51,15.12,15.4,14.68,5538900.0
2017-07-20,15.41,15.59,15.35,15.46,14.74,5763600.0
2017-07-21,15.56,15.59,15.3,15.43,14.71,7088500.0
2017-07-24,15.5,15.52,15.21,15.36,14.65,8773800.0
2017-07-25,15.4,15.4,15.13,15.3,14.59,6488800.0
2017-07-26,15.35,15.36,15.13,15.2,14.49,7187800.0
2017-07-27,15.2,15.3,15.03,15.15,14.45,7531100.0
2017-07-28,15.2,15.45,14.87,14.98,14.28,8947300.0
2017-07-31,15.09,15.2,15.01,15.08,14.38,4811700.0
2017-08-01,15.16,15.21,15.04,15.13,14.43,5432800.0
2017-08-02,15.12,15.17,14.96,15.1,14.4,12204200.0
2017-08-03,15.05,15.05,14.66,14.75,14.06,7027800.0
2017-08-04,14.75,14.85,14.61,14.74,14.06,10130900.0
2017-08-07,14.71,15.04,14.69,14.97,14.27,9198200.0
2017-08-08,14.97,15.12,14.87,14.97,14.27,4270900.0
2017-08-09,14.86,14.98,14.6,14.97,14.27,6826700.0
2017-08-10,14.95,15.27,14.87,15.2,14.49,6272600.0
2017-08-11,15.37,16.1,15.26,16.01,15.27,18004400.0
2017-08-14,15.93,16.92,15.92,16.63,15.86,10875000.0
2017-08-15,16.6,17.34,16.59,17.18,16.38,14398200.0
2017-08-16,17.35,17.79,17.21,17.72,16.9,26767500.0
2017-08-17,17.6,17.93,17.32,17.93,17.1,13322500.0
2017-08-18,17.85,17.91,17.22,17.5,16.81,11839400.0
2017-08-21,17.55,17.64,17.46,17.58,16.88,7420900.0
2017-08-22,17.83,18.0,17.56,17.88,17.17,9525400.0
2017-08-23,17.88,18.0,17.76,17.9,17.19,10641400.0
2017-08-24,17.94,18.48,17.91,18.23,17.51,12513800.0
2017-08-25,18.32,18.32,17.84,17.9,17.19,5014700.0
2017-08-28,17.75,17.9,17.42,17.5,16.81,7087800.0
2017-08-29,17.5,17.55,17.27,17.41,16.72,8000300.0
2017-08-30,17.32,17.86,17.32,17.75,17.05,6304100.0
2017-08-31,18.0,18.16,17.45,17.97,17.26,9203100.0
2017-09-01,18.02,18.08,17.83,17.97,17.26,6969800.0
2017-09-04,17.79,17.92,17.63,17.88,17.17,2302900.0
2017-09-05,17.95,18.09,17.73,17.8,17.09,6069000.0
2017-09-06,17.98,18.3,17.97,18.16,17.44,11099000.0
2017-09-07,18.16,18.16,18.16,18.16,17.44,
2017-09-08,18.3,18.42,17.76,18.18,17.46,7103100.0
2017-09-11,18.35,18.45,18.1,18.13,17.41,8832000.0
2017-09-12,18.2,18.57,18.1,18.41,17.68,12901000.0
2017-09-13,18.61,19.21,18.44,19.0,18.25,12042500.0
2017-09-14,18.92,19.5,18.7,19.45,18.68,15026200.0
2017-09-15,19.55,19.69,19.01,19.69,18.91,16952600.0
2017-09-18,19.6,19.95,19.42,19.5,18.73,6235800.0
2017-09-19,19.45,19.96,19.1,19.24,18.48,4982700.0
2017-09-20,19.46,19.78,19.32,19.67,18.89,10517800.0
2017-09-21,19.79,19.84,19.1,19.49,18.72,8522000.0
2017-09-22,19.38,19.6,19.24,19.28,18.52,4869100.0
2017-09-25,19.43,19.65,18.91,19.0,18.25,5786500.0
2017-09-26,19.02,19.18,18.83,18.9,18.15,6018600.0
2017-09-27,18.9,18.9,18.41,18.65,17.91,6500500.0
2017-09-28,18.55,19.2,18.52,19.1,18.34,6392000.0
2017-09-29,19.29,20.07,19.29,20.05,19.26,10191200.0
2017-10-02,20.05,20.2,19.53,19.82,19.03,4810300.0
2017-10-03,19.89,21.1,19.74,21.09,20.25,13547200.0
2017-10-04,21.2,21.5,20.6,21.23,20.39,7643600.0
2017-10-05,21.49,21.5,20.37,20.37,19.56,9099900.0
2017-10-06,20.26,20.89,20.01,20.33,19.52,8134100.0
2017-10-09,20.49,20.49,19.65,20.25,19.45,3663100.0
2017-10-10,20.48,21.05,20.15,20.98,20.15,7178300.0
2017-10-11,20.74,20.74,19.43,19.78,19.0,20208800.0
2017-10-12,19.78,19.78,19.78,19.78,19.0,
2017-10-13,19.83,20.01,19.34,19.44,18.67,8641300.0
2017-10-16,19.44,19.77,19.18,19.58,18.8,4808800.0
2017-10-17,19.65,19.72,19.15,19.15,18.39,10370200.0
2017-10-18,19.21,19.68,19.2,19.55,18.78,5785400.0
2017-10-19,19.35,19.49,18.56,18.93,18.18,6835400.0
2017-10-20,18.92,19.18,18.81,18.93,18.18,3962000.0
2017-10-23,19.1,19.1,17.96,18.15,17.43,10623500.0
2017-10-24,19.1,19.1,17.96,18.48,17.75,7409600.0
2017-10-25,18.48,18.76,18.13,18.44,17.71,5180300.0
2017-10-26,18.57,18.67,18.21,18.28,17.56,5755100.0
2017-10-27,18.35,18.74,18.13,18.26,17.54,8384200.0
2017-10-30,18.27,18.39,17.74,18.02,17.31,5481700.0
2017-10-31,17.9,18.52,17.9,17.99,17.28,7824000.0
2017-11-01,18.2,18.4,17.71,17.85,17.14,5642700.0
2017-11-02,17.85,17.85,17.85,17.85,17.14,
2017-11-03,17.85,18.08,17.03,17.72,17.02,7251800.0
2017-11-06,17.72,18.17,17.4,17.41,16.72,5425900.0
2017-11-07,17.41,18.02,17.24,17.77,17.07,13639700.0
2017-11-08,17.98,18.8,17.59,18.8,18.06,8545600.0
2017-11-09,18.9,18.95,17.82,18.03,17.32,7345400.0
2017-11-10,18.18,18.18,17.06,17.5,16.81,16368100.0
2017-11-13,17.59,17.92,17.41,17.75,17.05,7817800.0
2017-11-14,17.93,18.29,17.55,17.55,16.85,7660600.0
2017-11-15,17.55,17.55,17.55,17.55,16.85,
2017-11-16,17.59,18.76,17.59,18.45,17.72,10614200.0
2017-11-17,18.35,19.05,18.28,19.01,18.36,5680700.0
2017-11-20,19.01,19.01,19.01,19.01,18.36,
2017-11-21,19.08,19.46,18.77,18.96,18.31,7255100.0
2017-11-22,18.94,19.16,18.71,18.9,18.25,5660000.0
2017-11-23,18.88,18.99,18.52,18.88,18.24,1831100.0
2017-11-24,18.85,19.18,18.63,18.77,18.13,2482900.0
2017-11-27,18.61,18.9,18.27,18.82,18.18,7809400.0
2017-11-28,19.0,19.21,18.59,18.59,17.96,4805100.0
2017-11-29,18.65,18.78,17.97,18.2,17.58,6958700.0
2017-11-30,17.96,18.17,17.74,18.12,17.5,10155800.0
2017-12-01,18.0,18.07,17.51,17.83,17.22,7134100.0
2017-12-04,17.8,18.16,17.64,17.77,17.16,6467800.0
2017-12-05,17.83,18.33,17.54,17.67,17.07,3910800.0
2017-12-06,17.55,18.54,17.55,18.44,17.81,5494800.0
2017-12-07,18.01,18.1,17.51,17.69,17.09,6464400.0
2017-12-08,17.23,17.55,16.9,16.99,16.41,19843500.0
2017-12-11,17.1,17.18,16.47,16.52,15.96,7354700.0
2017-12-12,16.55,17.31,16.55,17.23,16.64,9997100.0
2017-12-13,17.45,17.8,17.21,17.5,16.9,12538000.0
2017-12-14,17.25,17.59,17.08,17.3,16.71,10766500.0
2017-12-15,17.19,17.65,17.14,17.25,16.66,10831000.0
2017-12-18,17.6,17.79,17.36,17.5,16.9,8578500.0
2017-12-19,17.38,17.63,17.25,17.46,16.86,5444600.0
2017-12-20,17.49,17.68,17.23,17.4,16.81,5494700.0
2017-12-21,17.4,17.69,17.27,17.67,17.07,6814200.0
2017-12-22,17.58,18.04,17.46,17.81,17.2,5072400.0
2017-12-25,17.81,17.81,17.81,17.81,17.2,
2017-12-26,17.71,18.04,17.66,17.8,17.19,2589700.0
2017-12-27,17.84,18.3,17.72,18.21,17.59,6675600.0
2017-12-28,18.25,18.4,18.12,18.4,17.77,4209500.0
2017-12-29,18.4,18.4,18.4,18.4,17.77,
2018-01-02,18.4,18.54,18.17,18.34,17.71,5396400.0
2018-01-03,18.15,18.6,18.04,18.5,17.87,10937400.0
2018-01-04,18.71,19.06,18.55,18.75,18.11,12239000.0
2018-01-05,18.7,18.8,18.4,18.71,18.07,3286000.0
2018-01-08,18.62,18.67,17.82,17.88,17.27,7159000.0
2018-01-09,17.91,18.27,17.7,18.1,17.48,17237500.0
2018-01-10,18.1,18.73,17.93,18.45,17.82,12678500.0
2018-01-11,18.19,18.36,17.35,17.78,17.17,24786600.0
2018-01-12,17.6,17.7,17.01,17.01,16.43,11975700.0
2018-01-15,17.05,17.22,16.66,16.94,16.36,10063300.0
2018-01-16,17.05,17.13,16.66,16.76,16.19,6766900.0
2018-01-17,16.81,17.36,16.81,17.24,16.65,7809600.0
2018-01-18,17.4,17.5,16.88,17.18,16.59,15143800.0
2018-01-19,17.26,17.37,16.97,17.0,16.42,4649500.0
2018-01-22,17.07,17.14,16.72,16.91,16.33,4992300.0
2018-01-23,16.87,17.03,16.4,16.43,15.87,10598100.0
2018-01-24,16.6,16.77,16.44,16.57,16.0,29459600.0
2018-01-25,16.57,16.57,16.57,16.57,16.0,
2018-01-26,16.85,16.87,16.35,16.39,15.83,25227000.0
2018-01-29,16.3,16.4,16.05,16.05,15.5,10323100.0
2018-01-30,16.05,16.27,15.89,16.1,15.55,12857900.0
2018-01-31,16.25,16.5,16.1,16.25,15.7,13153600.0
2018-02-01,16.25,16.63,16.2,16.47,15.91,17483200.0
2018-02-02,16.21,16.57,16.21,16.29,15.73,6362200.0
2018-02-05,16.22,16.22,15.75,15.77,15.23,10704800.0
2018-02-06,15.6,15.89,15.33,15.68,15.14,11916100.0
2018-02-07,15.68,16.04,15.36,15.51,14.98,13629800.0
2018-02-08,15.6,15.68,14.95,15.0,14.49,14421700.0
2018-02-09,14.93,15.44,14.81,15.06,14.55,11976800.0
2018-02-14,15.24,15.83,15.23,15.71,15.17,23253700.0
2018-02-15,15.83,16.09,15.7,16.01,15.46,9084100.0
2018-02-16,16.17,16.19,15.67,15.74,15.2,8331900.0
2018-02-19,15.74,15.8,15.61,15.79,15.25,2553400.0
2018-02-20,15.7,16.54,15.67,16.33,15.77,9169700.0
2018-02-21,16.26,16.63,16.21,16.57,16.0,11683400.0
2018-02-22,16.52,16.52,16.08,16.31,15.75,6151300.0
2018-02-23,16.4,16.4,15.86,16.02,15.47,8135600.0
2018-02-26,16.15,16.17,15.56,15.8,15.26,10728400.0
2018-02-27,15.65,15.84,15.46,15.6,15.07,6083400.0
2018-02-28,15.69,15.74,15.22,15.5,14.97,11238400.0
2018-03-01,15.48,15.68,15.35,15.51,14.98,4295100.0
2018-03-02,15.31,15.43,15.17,15.32,14.8,4974400.0
2018-03-05,15.3,15.7,15.13,15.7,15.16,9643900.0
2018-03-06,15.8,15.93,15.16,15.37,14.85,6796400.0
2018-03-07,15.4,15.43,14.89,15.12,14.6,5949000.0
2018-03-08,15.12,15.16,14.47,14.62,14.12,15477500.0
2018-03-09,14.72,14.99,14.46,14.55,14.05,21391100.0
2018-03-12,14.55,14.8,14.5,14.68,14.18,11193100.0
2018-03-13,14.68,14.97,14.68,14.91,14.4,6288400.0
2018-03-14,15.12,15.24,14.81,15.08,14.57,6055900.0
2018-03-15,15.14,15.18,14.69,14.91,14.4,7084800.0
2018-03-16,15.06,15.09,14.53,14.53,14.03,9259200.0
2018-03-19,14.29,14.79,14.16,14.5,14.0,8362500.0
2018-03-20,14.67,14.67,14.38,14.58,14.08,5373800.0
2018-03-21,14.58,14.62,14.28,14.48,13.99,5486500.0
2018-03-22,14.62,14.65,14.25,14.35,13.86,3778700.0
2018-03-23,14.11,14.23,13.61,13.7,13.32,10325100.0
2018-03-26,13.84,13.86,13.36,13.46,13.08,11245400.0
2018-03-27,13.5,13.5,13.1,13.1,12.73,12539000.0
2018-03-28,13.04,13.24,12.95,13.19,12.82,10938600.0
2018-03-29,13.2,13.68,13.05,13.6,13.22,10886400.0
2018-04-02,13.56,13.56,13.22,13.49,13.11,7820400.0
2018-04-03,13.55,13.61,13.03,13.22,12.85,5457100.0
2018-04-04,13.06,13.14,12.35,12.81,12.45,14075100.0
2018-04-05,13.17,13.19,12.92,13.16,12.79,12446500.0
2018-04-06,13.15,13.73,13.12,13.34,12.97,11226600.0
2018-04-09,13.5,13.53,13.11,13.24,12.87,11922200.0
2018-04-10,13.28,13.34,12.86,13.18,12.81,12899800.0
2018-04-11,13.3,13.87,13.27,13.7,13.32,9438300.0
2018-04-12,13.8,14.1,13.67,14.1,13.7,9656500.0
2018-04-13,14.17,14.36,13.82,14.24,13.84,13255300.0
2018-04-16,14.11,14.22,13.71,13.98,13.59,7913700.0
2018-04-17,14.16,14.16,13.72,14.03,13.64,8198700.0
2018-04-18,14.1,14.1,13.77,13.95,13.56,9865500.0
2018-04-19,13.81,13.88,12.99,13.64,13.26,16256700.0
2018-04-20,13.75,13.75,13.24,13.5,13.12,9107700.0
2018-04-23,14.06,14.6,13.7,14.21,13.81,16723800.0
2018-04-24,14.45,14.8,14.34,14.5,14.09,16070800.0
2018-04-25,14.47,14.47,13.9,14.01,13.62,6726400.0
2018-04-26,14.19,14.31,13.59,13.7,13.32,9370100.0
2018-04-27,13.93,14.37,13.91,14.2,13.8,9558500.0
2018-04-30,14.3,14.33,13.86,14.01,13.62,8778300.0
2018-05-02,13.86,13.89,13.45,13.6,13.22,5554600.0
2018-05-03,13.48,13.6,13.23,13.25,12.88,4716100.0
2018-05-04,13.21,13.51,13.0,13.28,12.91,4144100.0
2018-05-07,13.39,13.66,13.12,13.24,12.87,5315300.0
2018-05-08,13.2,13.41,12.78,13.35,12.98,6567300.0
2018-05-09,13.25,13.34,12.85,12.85,12.49,6343400.0
2018-05-10,12.89,13.28,12.89,13.15,12.78,4565400.0
2018-05-11,12.98,12.99,10.89,11.15,10.84,35382900.0
2018-05-14,11.25,11.35,10.83,11.1,10.79,19294200.0
2018-05-15,10.86,11.3,10.5,11.23,10.92,8269500.0
2018-05-16,11.3,11.71,11.26,11.58,11.26,21971000.0
2018-05-17,11.51,11.51,10.9,10.94,10.63,11963000.0
2018-05-18,10.61,10.81,10.33,10.63,10.44,9781800.0
2018-05-21,10.78,10.9,10.6,10.8,10.6,7446100.0
2018-05-22,10.9,11.48,10.78,11.41,11.2,13469200.0
2018-05-23,11.25,11.67,11.13,11.45,11.24,8522300.0
2018-05-24,11.29,11.81,11.2,11.81,11.6,6444000.0
2018-05-25,11.89,11.96,11.4,11.44,11.23,6546700.0
2018-05-28,11.29,11.32,10.75,10.75,10.56,5421600.0
2018-05-29,10.93,11.22,10.4,10.4,10.21,10895700.0
2018-05-30,10.55,10.84,10.4,10.81,10.61,13360500.0
2018-06-01,10.99,11.38,10.8,11.32,11.12,6804600.0
2018-06-04,11.35,11.35,10.97,11.16,10.96,6953700.0
2018-06-05,11.02,11.2,11.01,11.05,10.85,12470500.0
2018-06-06,10.9,11.08,10.5,10.5,10.31,16331200.0
2018-06-07,10.26,10.26,9.24,10.12,9.94,18558800.0
2018-06-08,10.19,10.95,10.12,10.8,10.6,19863400.0
2018-06-11,10.89,10.99,10.24,10.3,10.11,11670600.0
2018-06-12,10.23,10.46,10.12,10.37,10.18,8634200.0
2018-06-13,10.32,10.45,10.01,10.16,9.98,9164000.0
2018-06-14,10.23,10.29,10.02,10.16,9.98,12383700.0
2018-06-15,10.05,10.39,10.05,10.32,10.13,15047700.0
2018-06-18,10.24,10.43,10.08,10.1,9.92,8205700.0
2018-06-19,10.06,10.29,9.94,10.04,9.86,9563900.0
2018-06-20,10.1,10.19,9.77,9.77,9.59,6926500.0
2018-06-21,9.8,9.93,9.61,9.64,9.47,5841300.0
2018-06-22,9.69,9.76,9.51,9.65,9.48,7732900.0
2018-06-25,9.74,9.77,9.41,9.48,9.31,7562800.0
2018-06-26,9.57,9.65,9.3,9.44,9.27,9535400.0
2018-06-27,9.46,9.48,9.13,9.16,8.99,9794900.0
2018-06-28,9.18,9.42,9.12,9.4,9.23,10429600.0
2018-06-29,9.49,9.6,9.32,9.32,9.15,8876500.0
2018-07-02,9.4,9.75,9.3,9.73,9.55,5147300.0
2018-07-03,9.86,10.68,9.72,10.66,10.47,13047100.0
2018-07-04,10.87,10.87,10.37,10.43,10.24,3983700.0
2018-07-05,10.43,10.54,10.38,10.5,10.31,3882500.0
2018-07-06,10.5,11.4,10.38,11.21,11.01,12544900.0
2018-07-10,11.21,11.43,11.03,11.19,10.99,15072000.0
2018-07-11,11.15,11.19,10.89,11.11,10.91,7398900.0
2018-07-12,11.21,11.27,11.05,11.13,10.93,6369200.0
2018-07-13,11.14,11.28,10.99,11.22,11.02,7503900.0
2018-07-16,11.2,11.36,11.17,11.3,11.1,4047600.0
2018-07-17,11.35,12.01,11.33,11.57,11.36,13733400.0
2018-07-18,11.51,11.57,11.13,11.3,11.1,10765500.0
2018-07-19,11.16,12.02,10.82,12.0,11.78,7353000.0
2018-07-20,12.4,12.42,11.9,11.97,11.75,7375300.0
2018-07-23,11.95,11.99,11.59,11.6,11.39,5100400.0
2018-07-24,11.72,11.78,11.45,11.64,11.43,7206400.0
2018-07-25,11.71,11.97,11.67,11.87,11.66,7723900.0
2018-07-26,11.96,11.97,11.53,11.53,11.32,7565600.0
2018-07-27,11.58,11.82,11.49,11.68,11.47,6648300.0
2018-07-30,11.71,11.8,11.39,11.39,11.18,4340900.0
2018-07-31,11.2,11.33,11.08,11.3,11.1,7789000.0
2018-08-01,11.2,11.44,11.06,11.09,10.89,7161800.0
2018-08-02,11.03,11.59,10.95,11.42,11.21,4851300.0
2018-08-03,11.43,11.82,11.32,11.61,11.4,5769200.0
2018-08-06,11.7,11.82,11.37,11.68,11.47,4166600.0
2018-08-07,11.73,11.85,11.08,11.08,10.88,9301500.0
2018-08-08,11.13,11.3,10.45,10.46,10.27,11762900.0
2018-08-09,10.47,10.48,10.05,10.26,10.07,10222600.0
2018-08-10,10.2,10.22,9.91,9.96,9.78,6856600.0
2018-08-13,9.98,10.71,9.86,10.66,10.47,9851000.0
2018-08-14,10.78,11.1,10.62,10.87,10.67,9689900.0
2018-08-15,10.45,10.45,10.1,10.1,9.92,12511500.0
2018-08-16,10.23,10.43,10.07,10.15,9.97,8664100.0
2018-08-17,10.15,10.23,9.95,10.21,10.03,7310000.0
2018-08-20,10.1,10.16,9.84,10.04,9.86,9287000.0
2018-08-21,9.95,10.08,9.68,9.74,9.67,6835300.0
2018-08-22,9.7,10.38,9.64,10.38,10.3,8840800.0
2018-08-23,10.37,10.38,9.97,10.17,10.1,8324600.0
2018-08-24,10.26,10.66,10.18,10.41,10.33,7122200.0
2018-08-27,10.41,10.84,10.41,10.83,10.75,5242400.0
2018-08-28,10.85,10.94,10.58,10.81,10.73,8503500.0
2018-08-29,10.83,10.89,10.58,10.58,10.5,4916200.0
2018-08-30,10.5,10.55,10.1,10.17,10.1,7971900.0
2018-08-31,10.18,10.36,10.07,10.22,10.15,11066600.0
2018-09-03,10.2,10.51,10.12,10.3,10.23,5547100.0
2018-09-04,10.3,10.33,9.87,9.89,9.82,8892000.0
2018-09-05,9.92,10.03,9.72,9.8,9.73,6914900.0
2018-09-06,9.88,9.97,9.65,9.7,9.63,7453800.0
2018-09-10,9.86,10.04,9.67,9.76,9.69,9166800.0
2018-09-11,9.66,9.67,9.38,9.5,9.43,7151200.0
2018-09-12,9.66,9.66,9.3,9.64,9.57,7609700.0
2018-09-13,9.69,9.86,9.54,9.72,9.65,10993900.0
2018-09-14,9.69,9.97,9.66,9.84,9.77,6730000.0
2018-09-17,9.8,9.98,9.66,9.88,9.81,7842400.0
2018-09-18,9.89,10.39,9.77,10.36,10.28,10248900.0
2018-09-19,10.21,10.89,10.15,10.8,10.72,10259400.0
2018-09-20,10.96,11.08,10.67,10.82,10.74,7041600.0
2018-09-21,10.85,11.28,10.77,10.87,10.79,10947200.0
2018-09-24,10.85,10.88,10.42,10.43,10.35,4192100.0
2018-09-25,10.28,10.85,10.17,10.85,10.77,6394900.0
2018-09-26,10.84,11.36,10.64,11.25,11.17,6720300.0
2018-09-27,11.27,11.84,11.24,11.71,11.62,7204800.0
2018-09-28,11.5,11.64,11.27,11.4,11.32,5390100.0
2018-10-01,11.44,11.6,11.08,11.3,11.22,3291900.0
2018-10-02,11.68,11.95,11.6,11.68,11.59,7915300.0
2018-10-03,,,,,,
2018-10-04,11.9,12.25,11.77,12.25,12.16,5136000.0
2018-10-05,12.35,12.48,11.86,11.86,11.77,8591200.0
2018-10-08,,,,,,
2018-10-09,,,,,,
2018-10-10,11.67,11.8,11.21,11.34,11.26,7746200.0
2018-10-11,11.58,11.63,11.13,11.15,11.07,6862300.0
2018-10-15,11.38,11.41,10.7,10.7,10.62,8071500.0
2018-10-16,10.84,11.01,10.44,10.56,10.48,8219000.0
2018-10-17,10.55,10.94,10.45,10.8,10.72,10969400.0
2018-10-18,10.9,11.08,10.6,10.67,10.59,8074800.0
2018-10-19,10.9,11.08,10.6,10.83,10.75,6196700.0
2018-10-22,11.0,11.42,10.91,11.35,11.27,5567900.0
2018-10-23,11.13,11.79,11.06,11.56,11.48,8565600.0
2018-10-24,11.58,11.58,11.03,11.1,11.02,6699400.0
2018-10-25,11.09,11.68,11.04,11.45,11.37,7188600.0
2018-10-26,11.52,11.86,11.37,11.64,11.56,7958600.0
2018-10-29,11.09,11.31,10.72,10.8,10.72,12703900.0
2018-10-30,10.9,11.22,10.84,11.1,11.02,12344800.0
2018-10-31,11.3,11.55,11.2,11.42,11.34,9841600.0
2018-11-01,11.5,11.92,11.43,11.52,11.44,11018300.0
2018-11-05,11.55,12.5,11.51,12.28,12.19,13026000.0
2018-11-06,12.0,12.08,11.54,11.6,11.52,10723100.0
2018-11-07,11.7,11.88,11.47,11.48,11.4,6132500.0
2018-11-08,11.52,11.6,10.81,10.85,10.77,9410400.0
2018-11-09,10.8,10.93,10.14,10.35,10.27,17234800.0
2018-11-12,10.41,10.69,10.29,10.61,10.53,6911900.0
2018-11-13,10.62,10.71,10.15,10.28,10.21,7173800.0
2018-11-14,10.4,10.95,10.21,10.95,10.87,7733900.0
2018-11-16,10.97,11.44,10.67,11.16,11.08,7539700.0
2018-11-19,10.98,11.14,10.69,10.83,10.83,5791200.0
2018-11-21,10.7,11.06,10.5,10.77,10.77,6222400.0
2018-11-22,10.8,10.9,10.63,10.86,10.86,2287500.0
2018-11-23,10.78,11.01,10.53,10.95,10.95,6819400.0
2018-11-26,10.98,11.1,10.36,10.61,10.61,14099600.0
2018-11-27,10.64,10.97,10.36,10.93,10.93,10312000.0
2018-11-28,10.88,11.08,10.75,10.96,10.96,6328700.0
2018-11-29,10.86,10.93,10.78,10.9,10.9,10966600.0
2018-11-30,10.91,10.91,10.48,10.5,10.5,47084200.0
2018-12-03,10.61,10.66,10.43,10.59,10.59,19386200.0
2018-12-04,10.59,10.63,10.2,10.2,10.2,8597400.0
2018-12-05,10.26,10.37,10.13,10.24,10.24,5642100.0
2018-12-06,10.11,10.26,10.05,10.19,10.19,7969800.0
2018-12-07,10.19,10.25,9.95,10.14,10.14,7995900.0
2018-12-10,10.08,10.17,9.75,9.75,9.75,20989100.0
2018-12-11,9.85,9.9,9.53,9.75,9.75,8603300.0
2018-12-12,9.79,9.94,9.7,9.8,9.8,16817500.0
2018-12-13,9.9,9.92,9.5,9.54,9.54,10103000.0
2018-12-14,9.52,9.6,9.29,9.36,9.36,13602000.0
2018-12-17,9.38,9.41,9.05,9.12,9.12,18288900.0
2018-12-18,9.18,9.32,9.07,9.1,9.1,23443600.0
2018-12-19,9.15,9.19,8.76,8.76,8.76,18795300.0
2018-12-20,8.81,8.96,8.49,8.71,8.71,104437000.0
2018-12-21,8.79,9.09,8.63,9.07,9.07,25764200.0
2018-12-26,9.03,9.04,8.56,8.6,8.6,12059900.0
2018-12-27,8.59,8.86,8.57,8.77,8.77,7207700.0
2018-12-28,8.84,9.0,8.8,8.87,8.87,7636300.0
2019-01-02,8.94,9.47,8.88,9.25,9.25,23713600.0
2019-01-03,9.28,9.38,9.16,9.36,9.36,14094400.0
2019-01-04,9.45,9.47,9.09,9.37,9.37,11828100.0
2019-01-07,9.4,9.4,9.05,9.13,9.13,13469400.0
2019-01-08,9.15,9.25,9.07,9.2,9.2,9444300.0
2019-01-09,9.22,9.77,9.22,9.58,9.58,17063900.0
2019-01-10,9.59,9.82,9.54,9.66,9.66,11141700.0
2019-01-11,9.66,9.85,9.63,9.85,9.85,12906600.0
2019-01-14,9.85,10.2,9.78,10.2,10.2,17213300.0
2019-01-15,10.25,10.32,10.01,10.09,10.09,9740800.0
2019-01-16,10.12,10.33,10.09,10.25,10.25,11665000.0
2019-01-17,10.2,10.63,10.01,10.47,10.47,14609700.0
2019-01-18,10.45,10.57,10.16,10.18,10.18,10571300.0
2019-01-21,10.19,10.22,9.89,10.1,10.1,8317300.0
2019-01-22,10.08,10.16,9.92,10.1,10.1,8648900.0
2019-01-23,10.16,10.84,10.07,10.84,10.84,28288500.0
2019-01-24,10.8,11.5,10.75,11.44,11.44,30522000.0
2019-01-28,11.4,11.65,11.29,11.47,11.47,18903700.0
2019-01-29,11.5,11.62,11.33,11.33,11.33,10102700.0
2019-01-30,11.37,11.94,11.32,11.94,11.94,12770400.0
2019-01-31,11.92,12.09,11.33,11.43,11.43,21283900.0
2019-02-01,11.51,11.61,11.26,11.61,11.61,8723100.0
